folio,texto,fecha_presentacion,score_presentacion,agenda_presentacion_id,punto_presentacion_id,num_ramas_nivel1,via,expediente_id,punto_destino_id,tipo_evento_real,fecha_real_destino,fecha_evento_excel,status_destino,cierre_encontrado,fecha_cierre_real,fecha_aprobacion_excel,estado_excel,confianza
1,"Iniciativa con Propuesta y Proyecto de Decreto sobre integra",2024-09-05,0.730,2,19,0,,,,,,,,no,,2024-09-05,Aprobada,media
2,"Tablas de Valores Unitarios de Suelo y Construcciones para e",2024-09-19,0.535,5,28,9,expediente,121,1736,Comisión,2024-10-30,2024-10-30,1,no,,2024-11-12,Aprobada,alta
3,"Tablas de Valores Unitarios de Suelo y Construcciones para e",2024-09-19,0.535,5,28,9,expediente,121,1736,Comisión,2024-10-30,2024-10-30,1,no,,2024-11-12,Aprobada,alta
4,"Tablas de Valores Unitarios de Suelo y Construcciones para e",2024-09-19,0.535,5,28,9,expediente,121,1736,Comisión,2024-10-30,2024-10-30,1,no,,2024-11-12,Aprobada,alta
5,"Escrito de renuncia de Vicente Guadarrama García, al cargo d",2024-09-26,0.481,6,35,0,,,,,,,,no,,2024-09-26,Aprobada,baja
6,"Tablas de Valores Unitarios de Suelo y Construcciones para e",2024-09-26,0.589,6,36,27,expediente,121,1736,Comisión,2024-10-30,2024-10-30,1,no,,2024-11-12,Aprobada,alta
7,"Tablas de Valores Unitarios de Suelo y Construcciones para e",2024-09-26,0.589,6,36,27,expediente,121,1736,Comisión,2024-10-30,2024-10-30,1,no,,2024-11-12,Aprobada,alta
8,"Tablas de Valores Unitarios de Suelo y Construcciones para e",2024-09-26,0.589,6,36,27,expediente,121,1736,Comisión,2024-10-30,2024-10-30,1,no,,2024-11-12,Aprobada,alta
9,"Tablas de Valores Unitarios de Suelo y Construcciones para e",2024-09-26,0.589,6,36,27,expediente,121,1736,Comisión,2024-10-30,2024-10-30,1,no,,2024-11-12,Aprobada,alta
10,"Tablas de Valores Unitarios de Suelo y Construcciones para e",2024-09-26,0.589,6,36,27,expediente,121,1736,Comisión,2024-10-30,2024-10-30,1,no,,2024-11-12,Aprobada,alta
11,"Tablas de Valores Unitarios de Suelo y Construcciones para e",2024-09-26,0.589,6,36,27,expediente,121,1736,Comisión,2024-10-30,2024-10-30,1,no,,2024-11-12,Aprobada,alta
12,"Tablas de Valores Unitarios de Suelo y Construcciones para e",2024-09-26,0.589,6,36,27,expediente,121,1736,Comisión,2024-10-30,2024-10-30,1,no,,2024-11-12,Aprobada,alta
13,"Tablas de Valores Unitarios de Suelo y Construcciones para e",2024-09-26,0.589,6,36,27,expediente,121,1736,Comisión,2024-10-30,2024-10-30,1,no,,2024-11-12,Aprobada,alta
14,"Tablas de Valores Unitarios de Suelo y Construcciones para e",2024-09-26,0.589,6,36,27,expediente,121,1736,Comisión,2024-10-30,2024-10-30,1,no,,2024-11-12,Aprobada,alta
15,"Iniciativa de Decreto por la que se Designa a la Persona Tit",2024-10-08,0.654,7,46,0,,,,,,,,no,,2024-10-08,Aprobada,media
16,"Iniciativa con Proyecto de Decreto por el que se reforman lo",2024-10-08,0.793,7,47,0,,,,,,,,no,,,En estudio,media
17,"Iniciativa al Congreso de la Unión por el que se reforman di",2024-10-08,0.625,7,48,1,directo,,2342,Comisión,2025-10-28,2025-10-28,1,no,,2025-11-12,Aprobada,alta
19,"Iniciativa con Proyecto de Decreto por el que se adicionan d",2024-10-08,0.659,7,50,3,directo,,2018,Comisión,2024-12-11,2024-12-11,1,no,,2024-12-19,Aprobada,alta
21,"Tablas de Valores Unitarios de Suelo y Construcciones para e",2024-10-08,0.592,7,52,63,expediente,121,1736,Comisión,2024-10-30,2024-10-30,1,no,,2024-11-12,Aprobada,alta
22,"Tablas de Valores Unitarios de Suelo y Construcciones para e",2024-10-08,0.592,7,52,63,expediente,121,1736,Comisión,2024-10-30,2024-10-30,1,no,,2024-11-12,Aprobada,alta
23,"Tablas de Valores Unitarios de Suelo y Construcciones para e",2024-10-08,0.592,7,52,63,expediente,121,1736,Comisión,2024-10-30,2024-10-30,1,no,,2024-11-12,Aprobada,alta
24,"Tablas de Valores Unitarios de Suelo y Construcciones para e",2024-10-08,0.592,7,52,63,expediente,121,1736,Comisión,2024-10-30,2024-10-30,1,no,,2024-11-12,Aprobada,alta
25,"Tablas de Valores Unitarios de Suelo y Construcciones para e",2024-10-08,0.592,7,52,63,expediente,121,1736,Comisión,2024-10-30,2024-10-30,1,no,,2024-11-12,Aprobada,alta
26,"Tablas de Valores Unitarios de Suelo y Construcciones para e",2024-10-08,0.592,7,52,63,expediente,121,1736,Comisión,2024-10-30,2024-10-30,1,no,,2024-11-12,Aprobada,alta
27,"Tablas de Valores Unitarios de Suelo y Construcciones para e",2024-10-08,0.592,7,52,63,expediente,121,1736,Comisión,2024-10-30,2024-10-30,1,no,,2024-11-12,Aprobada,alta
28,"Tablas de Valores Unitarios de Suelo y Construcciones para e",2024-10-08,0.592,7,52,63,expediente,121,1736,Comisión,2024-10-30,2024-10-30,1,no,,2024-11-12,Aprobada,alta
29,"Tablas de Valores Unitarios de Suelo y Construcciones para e",2024-10-08,0.592,7,52,63,expediente,121,1736,Comisión,2024-10-30,2024-10-30,1,no,,2024-11-12,Aprobada,alta
30,"Tablas de Valores Unitarios de Suelo y Construcciones para e",2024-10-08,0.592,7,52,63,expediente,121,1736,Comisión,2024-10-30,2024-10-30,1,no,,2024-11-12,Aprobada,alta
31,"Tablas de Valores Unitarios de Suelo y Construcciones para e",2024-10-08,0.592,7,52,63,expediente,121,1736,Comisión,2024-10-30,2024-10-30,1,no,,2024-11-12,Aprobada,alta
32,"Tablas de Valores Unitarios de Suelo y Construcciones para e",2024-10-08,0.592,7,52,63,expediente,121,1736,Comisión,2024-10-30,2024-10-30,1,no,,2024-11-12,Aprobada,alta
33,"Tablas de Valores Unitarios de Suelo y Construcciones para e",2024-10-08,0.592,7,52,63,expediente,121,1736,Comisión,2024-10-30,2024-10-30,1,no,,2024-11-12,Aprobada,alta
34,"Tablas de Valores Unitarios de Suelo y Construcciones para e",2024-10-08,0.592,7,52,63,expediente,121,1736,Comisión,2024-10-30,2024-10-30,1,no,,2024-11-12,Aprobada,alta
35,"Tablas de Valores Unitarios de Suelo y Construcciones para e",2024-10-08,0.592,7,52,63,expediente,121,1736,Comisión,2024-10-30,2024-10-30,1,no,,2024-11-12,Aprobada,alta
36,"Tablas de Valores Unitarios de Suelo y Construcciones para e",2024-10-08,0.592,7,52,63,expediente,121,1736,Comisión,2024-10-30,2024-10-30,1,no,,2024-11-12,Aprobada,alta
37,"Tablas de Valores Unitarios de Suelo y Construcciones para e",2024-10-08,0.592,7,52,63,expediente,121,1736,Comisión,2024-10-30,2024-10-30,1,no,,2024-11-12,Aprobada,alta
38,"Tablas de Valores Unitarios de Suelo y Construcciones para e",2024-10-08,0.592,7,52,63,expediente,121,1736,Comisión,2024-10-30,2024-10-30,1,no,,2024-11-12,Aprobada,alta
39,"Tablas de Valores Unitarios de Suelo y Construcciones para e",2024-10-08,0.592,7,52,63,expediente,121,1736,Comisión,2024-10-30,2024-10-30,1,no,,2024-11-12,Aprobada,alta
40,"Tablas de Valores Unitarios de Suelo y Construcciones para e",2024-10-08,0.592,7,52,63,expediente,121,1736,Comisión,2024-10-30,2024-10-30,1,no,,2024-11-12,Aprobada,alta
41,"Tablas de Valores Unitarios de Suelo y Construcciones para e",2024-10-08,0.592,7,52,63,expediente,121,1736,Comisión,2024-10-30,2024-10-30,1,no,,2024-11-12,Aprobada,alta
42,"Iniciativa de Decreto para designar Representante Propietari",2024-10-22,0.811,12,71,0,,,,,,,,no,,2024-10-22,Aprobada,media
43,"Iniciativa de Decreto para designar un Representante Propiet",2024-10-22,0.777,12,72,0,,,,,,,,no,,2024-10-22,Aprobada,media
44,"Iniciativa de Decreto para designar representantes de la Leg",2024-10-22,0.685,12,73,0,,,,,,,,no,,2024-10-22,Aprobada,media
45,"Iniciativa de Decreto por que el se reforman y adicionan div",2024-10-22,,,,,,,,,,,,,,2024-11-12,Aprobada,sin_match
46,"Iniciativa con Proyecto de Decreto por el cual se reforman y",2024-10-22,,,,,,,,,,,,,,2026-04-22,Aprobada,sin_match
47,"Iniciativa de Decreto por el que se declara 2025 “Año de Ifi",2024-10-22,0.651,12,76,0,,,,,,,,no,,,En estudio,media
48,"Iniciativa con Proyecto de Decreto por el que se reforma la ",2024-10-22,,,,,,,,,,,,,,2025-04-02,Aprobada,sin_match
49,"Iniciativa con Proyecto de Decreto por el que se derogan, re",2024-10-22,,,,,,,,,,,,,,2025-02-12,Aprobada,sin_match
52,"Iniciativa con Proyecto de Decreto por el que se adiciona un",2024-10-22,,,,,,,,,,,,,,,En estudio,sin_match
53,"Tablas de Valores Unitarios de Suelo y Construcciones para e",2024-10-22,0.595,12,83,276,expediente,121,1736,Comisión,2024-10-30,2024-10-30,1,no,,2024-11-12,Aprobada,alta
54,"Tablas de Valores Unitarios de Suelo y Construcciones para e",2024-10-22,0.595,12,83,276,expediente,121,1736,Comisión,2024-10-30,2024-10-30,1,no,,2024-11-12,Aprobada,alta
55,"Tablas de Valores Unitarios de Suelo y Construcciones para e",2024-10-22,0.595,12,83,276,expediente,121,1736,Comisión,2024-10-30,2024-10-30,1,no,,2024-11-12,Aprobada,alta
56,"Tablas de Valores Unitarios de Suelo y Construcciones para e",2024-10-22,0.595,12,83,276,expediente,121,1736,Comisión,2024-10-30,2024-10-30,1,no,,2024-11-12,Aprobada,alta
57,"Tablas de Valores Unitarios de Suelo y Construcciones para e",2024-10-22,0.595,12,83,276,expediente,121,1736,Comisión,2024-10-30,2024-10-30,1,no,,2024-11-12,Aprobada,alta
58,"Tablas de Valores Unitarios de Suelo y Construcciones para e",2024-10-22,0.595,12,83,276,expediente,121,1736,Comisión,2024-10-30,2024-10-30,1,no,,2024-11-12,Aprobada,alta
59,"Tablas de Valores Unitarios de Suelo y Construcciones para e",2024-10-22,0.595,12,83,276,expediente,121,1736,Comisión,2024-10-30,2024-10-30,1,no,,2024-11-12,Aprobada,alta
60,"Tablas de Valores Unitarios de Suelo y Construcciones para e",2024-10-22,0.595,12,83,276,expediente,121,1736,Comisión,2024-10-30,2024-10-30,1,no,,2024-11-12,Aprobada,alta
61,"Tablas de Valores Unitarios de Suelo y Construcciones para e",2024-10-22,0.595,12,83,276,expediente,121,1736,Comisión,2024-10-30,2024-10-30,1,no,,2024-11-12,Aprobada,alta
62,"Tablas de Valores Unitarios de Suelo y Construcciones para e",2024-10-22,0.595,12,83,276,expediente,121,1736,Comisión,2024-10-30,2024-10-30,1,no,,2024-11-12,Aprobada,alta
63,"Tablas de Valores Unitarios de Suelo y Construcciones para e",2024-10-22,0.595,12,83,276,expediente,121,1736,Comisión,2024-10-30,2024-10-30,1,no,,2024-11-12,Aprobada,alta
64,"Tablas de Valores Unitarios de Suelo y Construcciones para e",2024-10-22,0.595,12,83,276,expediente,121,1736,Comisión,2024-10-30,2024-10-30,1,no,,2024-11-12,Aprobada,alta
65,"Tablas de Valores Unitarios de Suelo y Construcciones para e",2024-10-22,0.595,12,83,276,expediente,121,1736,Comisión,2024-10-30,2024-10-30,1,no,,2024-11-12,Aprobada,alta
66,"Tablas de Valores Unitarios de Suelo y Construcciones para e",2024-10-22,0.595,12,83,276,expediente,121,1736,Comisión,2024-10-30,2024-10-30,1,no,,2024-11-12,Aprobada,alta
67,"Tablas de Valores Unitarios de Suelo y Construcciones para e",2024-10-22,0.595,12,83,276,expediente,121,1736,Comisión,2024-10-30,2024-10-30,1,no,,2024-11-12,Aprobada,alta
68,"Tablas de Valores Unitarios de Suelo y Construcciones para e",2024-10-22,0.595,12,83,276,expediente,121,1736,Comisión,2024-10-30,2024-10-30,1,no,,2024-11-12,Aprobada,alta
69,"Tablas de Valores Unitarios de Suelo y Construcciones para e",2024-10-22,0.595,12,83,276,expediente,121,1736,Comisión,2024-10-30,2024-10-30,1,no,,2024-11-12,Aprobada,alta
70,"Tablas de Valores Unitarios de Suelo y Construcciones para e",2024-10-22,0.595,12,83,276,expediente,121,1736,Comisión,2024-10-30,2024-10-30,1,no,,2024-11-12,Aprobada,alta
71,"Tablas de Valores Unitarios de Suelo y Construcciones para e",2024-10-22,0.595,12,83,276,expediente,121,1736,Comisión,2024-10-30,2024-10-30,1,no,,2024-11-12,Aprobada,alta
72,"Tablas de Valores Unitarios de Suelo y Construcciones para e",2024-10-22,0.595,12,83,276,expediente,121,1736,Comisión,2024-10-30,2024-10-30,1,no,,2024-11-12,Aprobada,alta
73,"Tablas de Valores Unitarios de Suelo y Construcciones para e",2024-10-22,0.595,12,83,276,expediente,121,1736,Comisión,2024-10-30,2024-10-30,1,no,,2024-11-12,Aprobada,alta
74,"Tablas de Valores Unitarios de Suelo y Construcciones para e",2024-10-22,0.595,12,83,276,expediente,121,1736,Comisión,2024-10-30,2024-10-30,1,no,,2024-11-12,Aprobada,alta
75,"Tablas de Valores Unitarios de Suelo y Construcciones para e",2024-10-22,0.595,12,83,276,expediente,121,1736,Comisión,2024-10-30,2024-10-30,1,no,,2024-11-12,Aprobada,alta
76,"Tablas de Valores Unitarios de Suelo y Construcciones para e",2024-10-22,0.595,12,83,276,expediente,121,1736,Comisión,2024-10-30,2024-10-30,1,no,,2024-11-12,Aprobada,alta
77,"Tablas de Valores Unitarios de Suelo y Construcciones para e",2024-10-22,0.595,12,83,276,expediente,121,1736,Comisión,2024-10-30,2024-10-30,1,no,,2024-11-12,Aprobada,alta
78,"Tablas de Valores Unitarios de Suelo y Construcciones para e",2024-10-22,0.595,12,83,276,expediente,121,1736,Comisión,2024-10-30,2024-10-30,1,no,,2024-11-12,Aprobada,alta
79,"Tablas de Valores Unitarios de Suelo y Construcciones para e",2024-10-22,0.595,12,83,276,expediente,121,1736,Comisión,2024-10-30,2024-10-30,1,no,,2024-11-12,Aprobada,alta
80,"Tablas de Valores Unitarios de Suelo y Construcciones para e",2024-10-22,0.595,12,83,276,expediente,121,1736,Comisión,2024-10-30,2024-10-30,1,no,,2024-11-12,Aprobada,alta
81,"Tablas de Valores Unitarios de Suelo y Construcciones para e",2024-10-22,0.595,12,83,276,expediente,121,1736,Comisión,2024-10-30,2024-10-30,1,no,,2024-11-12,Aprobada,alta
82,"Tablas de Valores Unitarios de Suelo y Construcciones para e",2024-10-22,0.595,12,83,276,expediente,121,1736,Comisión,2024-10-30,2024-10-30,1,no,,2024-11-12,Aprobada,alta
83,"Tablas de Valores Unitarios de Suelo y Construcciones para e",2024-10-22,0.595,12,83,276,expediente,121,1736,Comisión,2024-10-30,2024-10-30,1,no,,2024-11-12,Aprobada,alta
84,"Tablas de Valores Unitarios de Suelo y Construcciones para e",2024-10-22,0.595,12,83,276,expediente,121,1736,Comisión,2024-10-30,2024-10-30,1,no,,2024-11-12,Aprobada,alta
85,"Tablas de Valores Unitarios de Suelo y Construcciones para e",2024-10-22,0.595,12,83,276,expediente,121,1736,Comisión,2024-10-30,2024-10-30,1,no,,2024-11-12,Aprobada,alta
86,"Tablas de Valores Unitarios de Suelo y Construcciones para e",2024-10-22,0.595,12,83,276,expediente,121,1736,Comisión,2024-10-30,2024-10-30,1,no,,2024-11-12,Aprobada,alta
87,"Tablas de Valores Unitarios de Suelo y Construcciones para e",2024-10-22,0.595,12,83,276,expediente,121,1736,Comisión,2024-10-30,2024-10-30,1,no,,2024-11-12,Aprobada,alta
88,"Tablas de Valores Unitarios de Suelo y Construcciones para e",2024-10-22,0.595,12,83,276,expediente,121,1736,Comisión,2024-10-30,2024-10-30,1,no,,2024-11-12,Aprobada,alta
89,"Tablas de Valores Unitarios de Suelo y Construcciones para e",2024-10-22,0.595,12,83,276,expediente,121,1736,Comisión,2024-10-30,2024-10-30,1,no,,2024-11-12,Aprobada,alta
90,"Tablas de Valores Unitarios de Suelo y Construcciones para e",2024-10-22,0.595,12,83,276,expediente,121,1736,Comisión,2024-10-30,2024-10-30,1,no,,2024-11-12,Aprobada,alta
91,"Tablas de Valores Unitarios de Suelo y Construcciones para e",2024-10-22,0.595,12,83,276,expediente,121,1736,Comisión,2024-10-30,2024-10-30,1,no,,2024-11-12,Aprobada,alta
92,"Tablas de Valores Unitarios de Suelo y Construcciones para e",2024-10-22,0.595,12,83,276,expediente,121,1736,Comisión,2024-10-30,2024-10-30,1,no,,2024-11-12,Aprobada,alta
93,"Tablas de Valores Unitarios de Suelo y Construcciones para e",2024-10-22,0.595,12,83,276,expediente,121,1736,Comisión,2024-10-30,2024-10-30,1,no,,2024-11-12,Aprobada,alta
94,"Tablas de Valores Unitarios de Suelo y Construcciones para e",2024-10-22,0.595,12,83,276,expediente,121,1736,Comisión,2024-10-30,2024-10-30,1,no,,2024-11-12,Aprobada,alta
95,"Tablas de Valores Unitarios de Suelo y Construcciones para e",2024-10-22,0.595,12,83,276,expediente,121,1736,Comisión,2024-10-30,2024-10-30,1,no,,2024-11-12,Aprobada,alta
96,"Tablas de Valores Unitarios de Suelo y Construcciones para e",2024-10-22,0.595,12,83,276,expediente,121,1736,Comisión,2024-10-30,2024-10-30,1,no,,2024-11-12,Aprobada,alta
97,"Tablas de Valores Unitarios de Suelo y Construcciones para e",2024-10-22,0.595,12,83,276,expediente,121,1736,Comisión,2024-10-30,2024-10-30,1,no,,2024-11-12,Aprobada,alta
98,"Tablas de Valores Unitarios de Suelo y Construcciones para e",2024-10-22,0.595,12,83,276,expediente,121,1736,Comisión,2024-10-30,2024-10-30,1,no,,2024-11-12,Aprobada,alta
99,"Tablas de Valores Unitarios de Suelo y Construcciones para e",2024-10-22,0.595,12,83,276,expediente,121,1736,Comisión,2024-10-30,2024-10-30,1,no,,2024-11-12,Aprobada,alta
100,"Tablas de Valores Unitarios de Suelo y Construcciones para e",2024-10-22,0.595,12,83,276,expediente,121,1736,Comisión,2024-10-30,2024-10-30,1,no,,2024-11-12,Aprobada,alta
101,"Tablas de Valores Unitarios de Suelo y Construcciones para e",2024-10-22,0.595,12,83,276,expediente,121,1736,Comisión,2024-10-30,2024-10-30,1,no,,2024-11-12,Aprobada,alta
102,"Tablas de Valores Unitarios de Suelo y Construcciones para e",2024-10-22,0.595,12,83,276,expediente,121,1736,Comisión,2024-10-30,2024-10-30,1,no,,2024-11-12,Aprobada,alta
103,"Tablas de Valores Unitarios de Suelo y Construcciones para e",2024-10-22,0.595,12,83,276,expediente,121,1736,Comisión,2024-10-30,2024-10-30,1,no,,2024-11-12,Aprobada,alta
104,"Tablas de Valores Unitarios de Suelo y Construcciones para e",2024-10-22,0.595,12,83,276,expediente,121,1736,Comisión,2024-10-30,2024-10-30,1,no,,2024-11-12,Aprobada,alta
105,"Tablas de Valores Unitarios de Suelo y Construcciones para e",2024-10-22,0.595,12,83,276,expediente,121,1736,Comisión,2024-10-30,2024-10-30,1,no,,2024-11-12,Aprobada,alta
106,"Tablas de Valores Unitarios de Suelo y Construcciones para e",2024-10-22,0.595,12,83,276,expediente,121,1736,Comisión,2024-10-30,2024-10-30,1,no,,2024-11-12,Aprobada,alta
107,"Tablas de Valores Unitarios de Suelo y Construcciones para e",2024-10-22,0.595,12,83,276,expediente,121,1736,Comisión,2024-10-30,2024-10-30,1,no,,2024-11-12,Aprobada,alta
108,"Tablas de Valores Unitarios de Suelo y Construcciones para e",2024-10-22,0.595,12,83,276,expediente,121,1736,Comisión,2024-10-30,2024-10-30,1,no,,2024-11-12,Aprobada,alta
109,"Tablas de Valores Unitarios de Suelo y Construcciones para e",2024-10-22,0.595,12,83,276,expediente,121,1736,Comisión,2024-10-30,2024-10-30,1,no,,2024-11-12,Aprobada,alta
110,"Tablas de Valores Unitarios de Suelo y Construcciones para e",2024-10-22,0.595,12,83,276,expediente,121,1736,Comisión,2024-10-30,2024-10-30,1,no,,2024-11-12,Aprobada,alta
111,"Tablas de Valores Unitarios de Suelo y Construcciones para e",2024-10-22,0.595,12,83,276,expediente,121,1736,Comisión,2024-10-30,2024-10-30,1,no,,2024-11-12,Aprobada,alta
112,"Tablas de Valores Unitarios de Suelo y Construcciones para e",2024-10-22,0.595,12,83,276,expediente,121,1736,Comisión,2024-10-30,2024-10-30,1,no,,2024-11-12,Aprobada,alta
113,"Tablas de Valores Unitarios de Suelo y Construcciones para e",2024-10-22,0.595,12,83,276,expediente,121,1736,Comisión,2024-10-30,2024-10-30,1,no,,2024-11-12,Aprobada,alta
114,"Tablas de Valores Unitarios de Suelo y Construcciones para e",2024-10-22,0.595,12,83,276,expediente,121,1736,Comisión,2024-10-30,2024-10-30,1,no,,2024-11-12,Aprobada,alta
115,"Tablas de Valores Unitarios de Suelo y Construcciones para e",2024-10-22,0.595,12,83,276,expediente,121,1736,Comisión,2024-10-30,2024-10-30,1,no,,2024-11-12,Aprobada,alta
116,"Tablas de Valores Unitarios de Suelo y Construcciones para e",2024-10-22,0.595,12,83,276,expediente,121,1736,Comisión,2024-10-30,2024-10-30,1,no,,2024-11-12,Aprobada,alta
117,"Tablas de Valores Unitarios de Suelo y Construcciones para e",2024-10-22,0.595,12,83,276,expediente,121,1736,Comisión,2024-10-30,2024-10-30,1,no,,2024-11-12,Aprobada,alta
118,"Tablas de Valores Unitarios de Suelo y Construcciones para e",2024-10-22,0.595,12,83,276,expediente,121,1736,Comisión,2024-10-30,2024-10-30,1,no,,2024-11-12,Aprobada,alta
119,"Tablas de Valores Unitarios de Suelo y Construcciones para e",2024-10-22,0.595,12,83,276,expediente,121,1736,Comisión,2024-10-30,2024-10-30,1,no,,2024-11-12,Aprobada,alta
120,"Tablas de Valores Unitarios de Suelo y Construcciones para e",2024-10-22,0.595,12,83,276,expediente,121,1736,Comisión,2024-10-30,2024-10-30,1,no,,2024-11-12,Aprobada,alta
121,"Tablas de Valores Unitarios de Suelo y Construcciones para e",2024-10-22,0.595,12,83,276,expediente,121,1736,Comisión,2024-10-30,2024-10-30,1,no,,2024-11-12,Aprobada,alta
122,"Tablas de Valores Unitarios de Suelo y Construcciones para e",2024-10-22,0.595,12,83,276,expediente,121,1736,Comisión,2024-10-30,2024-10-30,1,no,,2024-11-12,Aprobada,alta
123,"Tablas de Valores Unitarios de Suelo y Construcciones para e",2024-10-22,0.595,12,83,276,expediente,121,1736,Comisión,2024-10-30,2024-10-30,1,no,,2024-11-12,Aprobada,alta
124,"Tablas de Valores Unitarios de Suelo y Construcciones para e",2024-10-22,0.595,12,83,276,expediente,121,1736,Comisión,2024-10-30,2024-10-30,1,no,,2024-11-12,Aprobada,alta
125,"Tablas de Valores Unitarios de Suelo y Construcciones para e",2024-10-22,0.595,12,83,276,expediente,121,1736,Comisión,2024-10-30,2024-10-30,1,no,,2024-11-12,Aprobada,alta
126,"Tablas de Valores Unitarios de Suelo y Construcciones para e",2024-10-22,0.595,12,83,276,expediente,121,1736,Comisión,2024-10-30,2024-10-30,1,no,,2024-11-12,Aprobada,alta
127,"Tablas de Valores Unitarios de Suelo y Construcciones para e",2024-10-22,0.595,12,83,276,expediente,121,1736,Comisión,2024-10-30,2024-10-30,1,no,,2024-11-12,Aprobada,alta
128,"Tablas de Valores Unitarios de Suelo y Construcciones para e",2024-10-22,0.595,12,83,276,expediente,121,1736,Comisión,2024-10-30,2024-10-30,1,no,,2024-11-12,Aprobada,alta
129,"Tablas de Valores Unitarios de Suelo y Construcciones para e",2024-10-22,0.595,12,83,276,expediente,121,1736,Comisión,2024-10-30,2024-10-30,1,no,,2024-11-12,Aprobada,alta
130,"Tablas de Valores Unitarios de Suelo y Construcciones para e",2024-10-22,0.595,12,83,276,expediente,121,1736,Comisión,2024-10-30,2024-10-30,1,no,,2024-11-12,Aprobada,alta
131,"Tablas de Valores Unitarios de Suelo y Construcciones para e",2024-10-22,0.595,12,83,276,expediente,121,1736,Comisión,2024-10-30,2024-10-30,1,no,,2024-11-12,Aprobada,alta
132,"Tablas de Valores Unitarios de Suelo y Construcciones para e",2024-10-22,0.595,12,83,276,expediente,121,1736,Comisión,2024-10-30,2024-10-30,1,no,,2024-11-12,Aprobada,alta
133,"Tablas de Valores Unitarios de Suelo y Construcciones para e",2024-10-22,0.595,12,83,276,expediente,121,1736,Comisión,2024-10-30,2024-10-30,1,no,,2024-11-12,Aprobada,alta
134,"Tablas de Valores Unitarios de Suelo y Construcciones para e",2024-10-22,0.595,12,83,276,expediente,121,1736,Comisión,2024-10-30,2024-10-30,1,no,,2024-11-12,Aprobada,alta
135,"Tablas de Valores Unitarios de Suelo y Construcciones para e",2024-10-22,0.595,12,83,276,expediente,121,1736,Comisión,2024-10-30,2024-10-30,1,no,,2024-11-12,Aprobada,alta
136,"Tablas de Valores Unitarios de Suelo y Construcciones para e",2024-10-22,0.595,12,83,276,expediente,121,1736,Comisión,2024-10-30,2024-10-30,1,no,,2024-11-12,Aprobada,alta
137,"Tablas de Valores Unitarios de Suelo y Construcciones para e",2024-10-22,0.595,12,83,276,expediente,121,1736,Comisión,2024-10-30,2024-10-30,1,no,,2024-11-12,Aprobada,alta
138,"Tablas de Valores Unitarios de Suelo y Construcciones para e",2024-10-22,0.595,12,83,276,expediente,121,1736,Comisión,2024-10-30,2024-10-30,1,no,,2024-11-12,Aprobada,alta
139,"Tablas de Valores Unitarios de Suelo y Construcciones para e",2024-10-22,0.595,12,83,276,expediente,121,1736,Comisión,2024-10-30,2024-10-30,1,no,,2024-11-12,Aprobada,alta
140,"Tablas de Valores Unitarios de Suelo y Construcciones para e",2024-10-22,0.595,12,83,276,expediente,121,1736,Comisión,2024-10-30,2024-10-30,1,no,,2024-11-12,Aprobada,alta
141,"Tablas de Valores Unitarios de Suelo y Construcciones para e",2024-10-22,0.595,12,83,276,expediente,121,1736,Comisión,2024-10-30,2024-10-30,1,no,,2024-11-12,Aprobada,alta
142,"Tablas de Valores Unitarios de Suelo y Construcciones para e",2024-10-22,0.595,12,83,276,expediente,121,1736,Comisión,2024-10-30,2024-10-30,1,no,,2024-11-12,Aprobada,alta
143,"Tablas de Valores Unitarios de Suelo y Construcciones para e",2024-10-22,0.595,12,83,276,expediente,121,1736,Comisión,2024-10-30,2024-10-30,1,no,,2024-11-12,Aprobada,alta
144,"Tablas de Valores Unitarios de Suelo y Construcciones para e",2024-10-22,0.595,12,83,276,expediente,121,1736,Comisión,2024-10-30,2024-10-30,1,no,,2024-11-12,Aprobada,alta
145,"Iniciativa de Decreto por el cual se reforman, adicionan y d",2024-10-22,1.000,12,2686,0,,,,,,,,no,,,En estudio,media
146,"Iniciativa con Proyecto de Decreto por la que se reforman di",2024-10-22,1.000,12,2687,0,,,,,,,,no,,,En estudio,media
147,"Iniciativa con Proyecto de Decreto por la que se reforman la",2024-10-22,1.000,12,2688,0,,,,,,,,no,,,En estudio,media
148,"Iniciativa con Proyecto de Decreto por la que se reforman el",2024-10-22,1.000,12,3216,1,directo,,2141,Comisión,2025-04-10,2025-04-10,1,no,,2025-04-30,Aprobada,alta
149,"Iniciativa con Proyecto de Decreto por el que se reforman lo",2024-10-22,1.000,12,2689,0,,,,,,,,no,,,En estudio,media
150,"Iniciativa con Proyecto de Decreto por el que se reforma el ",2024-10-22,1.000,12,3217,0,,,,,,,,no,,,En estudio,media
151,"Iniciativa con proyecto de Decreto por el que se crea la Ley",2024-10-22,1.000,12,2691,0,,,,,,,,no,,,En estudio,media
152,"Iniciativa con Proyecto de Decreto por el que se adiciona el",2024-10-22,1.000,12,2692,0,,,,,,,,no,,,En estudio,media
153,"Iniciativa de reforma a la Ley de Transparencia y Acceso a l",2024-10-22,1.000,12,2693,0,,,,,,,,no,,,En estudio,media
154,"Iniciativa con Proyecto de Decreto por el que se reforma la ",2024-10-22,1.000,12,2694,0,,,,,,,,no,,,En estudio,media
155,"Iniciativa con Proyecto de Decreto por el que se reforman, a",2024-10-22,1.000,12,2695,1,expediente,128,3125,Comisión,2026-04-21,2026-04-08,2,no,,2026-04-22,Aprobada,baja
156,"Iniciativa con Proyecto de Decreto mediante el cual se decla",2024-10-22,1.000,12,2863,1,directo,,2126,Comisión,2025-04-01,2025-04-01,2,no,,2025-04-02,Aprobada,alta
157,"Iniciativa con Proyecto de Decreto por el que se reforman, a",2024-10-22,1.000,12,2696,0,,,,,,,,no,,,En estudio,media
158,"Iniciativa con Proyecto de Decreto por el que se reforman di",2024-10-22,1.000,12,2697,0,,,,,,2025-05-12,,no,,,En estudio,media
159,"Iniciativa con Proyecto de Decreto por el que se reforman y ",2024-10-22,1.000,12,2698,0,,,,,,,,no,,,En estudio,media
160,"Iniciativa con Proyecto de Decreto por el que se reforman y ",2024-10-22,,,,,,,,,,,,,,,En estudio,sin_match
162,"Iniciativa con Proyecto de Decreto por el que se reforman y ",2024-10-22,,,,,,,,,,,,,,,En estudio,sin_match
163,"Iniciativa con Proyecto de Decreto por el que se declara el ",2024-10-22,1.000,12,2702,1,directo,,2498,Comisión,2026-02-17,2026-02-17,2,no,,2026-02-25,Aprobada,alta
164,"Iniciativa con Proyecto de Decreto por el que se reforma la ",2024-10-22,1.000,12,2703,0,,,,,,,,no,,,En estudio,media
165,"Iniciativa con Proyecto de Decreto por el que se reforma la ",2024-10-22,1.000,12,2704,0,,,,,,,,no,,,En estudio,media
166,"Iniciativa con Proyecto de Decreto por el que se reforma el ",2024-10-22,1.000,12,2705,0,,,,,,,,no,,,En estudio,media
167,"Iniciativa con Proyecto de Decreto por el que se reforma la ",2024-10-22,1.000,12,2706,1,expediente,128,3125,Comisión,2026-04-21,2026-04-21,2,no,,2026-04-22,Aprobada,alta
168,"Iniciativa con Proyecto de Decreto por el que se adiciona un",2024-10-22,1.000,12,2707,0,,,,,,,,no,,,En estudio,media
169,"Iniciativa con Proyecto de Decreto por el que se reforma la ",2024-10-22,1.000,12,2708,0,,,,,,,,no,,,En estudio,media
170,"Iniciativa con Proyecto de Decreto por el que se reforma el ",2024-10-22,1.000,12,2709,0,,,,,,,,no,,,En estudio,media
171,"Iniciativa con proyecto de Decreto por el que se adiciona un",2024-10-22,1.000,12,2710,0,,,,,,,,no,,,En estudio,media
172,"Iniciativa con Proyecto de Decreto por el que se reforman di",2024-10-22,1.000,12,2711,0,,,,,,,,no,,,En estudio,media
174,"Iniciativa con Proyecto de Decreto por el que se adiciona al",2024-10-22,1.000,12,2713,0,,,,,,,,no,,,En estudio,media
175,"Iniciativa de Decreto por el que crea la Ley del Mezcal Mexi",2024-10-22,1.000,12,2714,0,,,,,,,,no,,,En estudio,media
176,"Iniciativa de Decreto por el que se declara el 8 de agosto d",2024-10-22,1.000,12,2715,0,,,,,,,,no,,,Precluida,media
177,"Iniciativa con Proyecto de Decreto por el que se reforman la",2024-10-22,1.000,12,2716,0,,,,,,,,no,,,Precluida,media
178,"Iniciativa con Proyecto de Decreto por el que se reforman y ",2024-10-22,1.000,12,2717,0,,,,,,,,no,,,Precluida,media
179,"Iniciativa de Decreto por el que se reforman y adicionan div",2024-10-22,1.000,12,2718,0,,,,,,,,no,,,En estudio,media
180,"Iniciativa con proyecto de decreto, mediante el cual se refo",2024-10-22,1.000,12,2719,0,,,,,,,,no,,,Precluida,media
181,"Iniciativa con proyecto de decreto por el que se modifica el",2024-10-22,1.000,12,2720,0,,,,,,,,no,,,En estudio,media
183,"Iniciativa por la que se adiciona un párrafo al artículo 30 ",2024-10-22,1.000,12,2722,0,,,,,,,,no,,,En estudio,media
184,"Iniciativa con Proyecto de Decreto mediante la cual se refor",2024-10-22,1.000,12,2723,0,,,,,,,,no,,,En estudio,media
185,"Iniciativa con Proyecto de Decreto por el que se reforman y ",2024-10-22,1.000,12,2724,0,,,,,,2026-03-05,,no,,,En estudio,media
186,"Iniciativa con Proyecto de Decreto por el que se reforma y a",2024-10-22,1.000,12,2725,0,,,,,,,,no,,,En estudio,media
187,"Iniciativa con Proyecto de Decreto por el que se adicionan d",2024-10-22,1.000,12,2726,0,,,,,,,,no,,,En estudio,media
188,"Iniciativa con Proyecto de Decreto por el que se reforman y ",2024-10-22,1.000,12,2727,0,,,,,,,,no,,,En estudio,media
189,"Iniciativa con Proyecto de Decreto por el que se reforman lo",2024-10-22,1.000,12,2728,0,,,,,,,,no,,,En estudio,media
190,"Iniciativa con Proyecto de Decreto por el que se reforman la",2024-10-22,1.000,12,2729,0,,,,,,,,no,,,En estudio,media
191,"Iniciativa con proyecto de decreto por el que se deroga el C",2024-10-22,1.000,12,3220,1,directo,,2070,Comisión,2025-02-05,2025-02-05,2,no,,2025-02-06,Aprobada,alta
192,"Iniciativa con Proyecto de Decreto por la que se reforma el ",2024-10-22,1.000,12,2730,0,,,,,,,,no,,,Precluida,media
193,"Iniciativa con Proyecto de Decreto por la que se expide la L",2024-10-22,1.000,12,2731,0,,,,,,,,no,,,Precluida,media
194,"Iniciativa con Proyecto de Decreto por el que se reforman di",2024-10-22,1.000,12,2732,0,,,,,,,,no,,,Precluida,media
195,"Iniciativa con Proyecto de Decreto por el cual se adiciona u",2024-10-22,1.000,12,2733,0,,,,,,,,no,,,Precluida,media
196,"Iniciativa con proyecto de decreto por el cual se reforma la",2024-10-22,1.000,12,2734,0,,,,,,,,no,,,Precluida,media
197,"Iniciativa con Proyecto de Decreto, por el que se reforma el",2024-10-22,1.000,12,2735,0,,,,,,,,no,,,Precluida,media
198,"Iniciativa con Proyecto de Decreto por el que se reforma el ",2024-10-22,1.000,12,2736,0,,,,,,,,no,,,Precluida,media
199,"Iniciativa con proyecto de decreto por la que se adicionan e",2024-10-22,1.000,12,2737,0,,,,,,,,no,,,Precluida,media
200,"Iniciativa con Proyecto de Decreto por la cual se reforman l",2024-10-22,1.000,12,2738,0,,,,,,,,no,,,En estudio,media
201,"Iniciativa con Proyecto de Decreto por la que se adicionan l",2024-10-22,1.000,12,2739,0,,,,,,,,no,,,Precluida,media
202,"Iniciativa con Proyecto de Decreto por el que se adiciona un",2024-10-22,1.000,12,2740,0,,,,,,,,no,,,Precluida,media
203,"Iniciativa con Proyecto de Decreto por el cual se reforma la",2024-10-22,1.000,12,2741,0,,,,,,,,no,,,En estudio,media
204,"Iniciativa con Proyecto de Decreto por la que se adiciona la",2024-10-22,1.000,12,2742,0,,,,,,,,no,,,Precluida,media
205,"Iniciativa con Proyecto de Decreto por el que se reforma el ",2024-10-22,1.000,12,2743,0,,,,,,,,no,,,Precluida,media
206,"Iniciativa con Proyecto de Decreto por el que se reforma la ",2024-10-22,1.000,12,2744,0,,,,,,,,no,,,Precluida,media
207,"Iniciativa con Proyecto de Decreto por el que se reforman di",2024-10-22,1.000,12,2745,0,,,,,,,,no,,,Precluida,media
208,"Iniciativa con Proyecto de Decreto por el que se reforman di",2024-10-22,1.000,12,2746,0,,,,,,,,no,,,Precluida,media
209,"Iniciativa con Proyecto de Decreto por el que se reforma el ",2024-10-22,1.000,12,2747,0,,,,,,,,no,,,Precluida,media
211,"Iniciativa con Proyecto de Decreto por el que se adiciona un",2024-10-22,1.000,12,2749,0,,,,,,,,no,,,Precluida,media
212,"Iniciativa con Proyecto de Decreto por el que se adiciona el",2024-10-22,1.000,12,2750,0,,,,,,,,no,,,Precluida,media
213,"Iniciativa con Proyecto de Decreto por el que se crea la Ley",2024-10-22,1.000,12,2751,0,,,,,,,,no,,,Precluida,media
214,"Iniciativa con Proyecto de Decreto por el que se reforma la ",2024-10-22,1.000,12,2752,0,,,,,,,,no,,,Precluida,media
215,"Iniciativa con Proyecto de Decreto por el que se adicionan l",2024-10-22,1.000,12,3218,2,expediente,127,2037,Comisión,2024-12-17,2024-12-11,2,no,,2024-12-19,Aprobada,media
216,"Iniciativa con Proyecto de Decreto por el que se reforman di",2024-10-22,1.000,12,2754,0,,,,,,,,no,,,Precluida,media
217,"Iniciativa con Proyecto de Decreto que el que se reforma el ",2024-10-22,1.000,12,2755,0,,,,,,,,no,,,Precluida,media
218,"Iniciativa con Proyecto de Decreto por el que se adicionan d",2024-10-22,1.000,12,2756,0,,,,,,,,no,,,En estudio,media
219,"Iniciativa con Proyecto de Decreto por el que se reforma el ",2024-10-22,,,,,,,,,,,,,,,Precluida,sin_match
220,"Iniciativa con Proyecto de Decreto por el que se reforman lo",2024-10-22,1.000,12,2758,0,,,,,,,,no,,,Precluida,media
221,"Iniciativa con Proyecto de Decreto por el que se adiciona un",2024-10-22,1.000,12,2759,0,,,,,,,,no,,,Precluida,media
222,"Iniciativa con Proyecto de Decreto por el que se agrega la f",2024-10-22,1.000,12,2760,0,,,,,,,,no,,,Precluida,media
223,"Iniciativa con Proyecto de Decreto por el que se agrega la f",2024-10-22,1.000,12,2761,0,,,,,,,,no,,,En estudio,media
224,"Iniciativa con Proyecto de Decreto por el que se modifica el",2024-10-22,1.000,12,2762,0,,,,,,,,no,,,Precluida,media
225,"Iniciativa con Proyecto de Decreto por el que se crea la Ley",2024-10-22,1.000,12,2763,0,,,,,,,,no,,,En estudio,media
226,"Iniciativa con Proyecto de Decreto por el que se reforman di",2024-10-22,1.000,12,2764,0,,,,,,,,no,,,Precluida,media
227,"Iniciativa con Proyecto de Decreto por el que se reforma el ",2024-10-22,1.000,12,2765,0,,,,,,,,no,,,Precluida,media
228,"Iniciativa con Proyecto de Decreto por el que se reforma el ",2024-10-22,1.000,12,2766,0,,,,,,,,no,,,Precluida,media
229,"Iniciativa con Proyecto de Decreto por el que se reforman lo",2024-10-22,1.000,12,2767,0,,,,,,,,no,,,Precluida,media
230,"Iniciativa con Proyecto de Decreto por el que se reforman di",2024-10-22,1.000,12,2768,0,,,,,,,,no,,,Precluida,media
231,"Iniciativa con Proyecto de Decreto por el que se reforma la ",2024-10-22,1.000,12,2769,0,,,,,,,,no,,,Precluida,media
232,"Iniciativa con Proyecto de Decreto por el que se adiciona la",2024-10-22,1.000,12,2770,0,,,,,,,,no,,,Precluida,media
233,"Iniciativa con Proyecto de Decreto por el que se adiciona un",2024-10-22,1.000,12,2771,2,directo,,3025,Comisión,2026-04-08,2026-04-08,1,no,,2026-04-22,Aprobada,alta
234,"Iniciativa con Proyecto de Decreto por el que se reforman y ",2024-10-22,1.000,12,2772,0,,,,,,,,no,,,Precluida,media
235,"Iniciativa con Proyecto de Decreto por el que se reforma el ",2024-10-22,1.000,12,2773,0,,,,,,,,no,,,En estudio,media
236,"Iniciativa con Proyecto de Decreto, por el que se adiciona l",2024-10-22,1.000,12,2774,0,,,,,,,,no,,,Precluida,media
237,"Iniciativa con Proyecto de Decreto por el que se reforma el ",2024-10-22,,,,,,,,,,,,,,,Precluida,sin_match
238,"Iniciativa con Proyecto de Decreto por lo que se reforman y ",2024-10-22,1.000,12,2776,0,,,,,,,,no,,,Precluida,media
239,"Iniciativa con Proyecto de Decreto por el que se reforma el ",2024-10-22,1.000,12,2777,0,,,,,,,,no,,,Precluida,media
240,"Iniciativa con Proyecto de Decreto por el que se añade un pá",2024-10-22,1.000,12,2778,0,,,,,,,,no,,,Precluida,media
241,"Iniciativa con Proyecto de Decreto por el que se adiciona un",2024-10-22,1.000,12,2779,0,,,,,,,,no,,,En estudio,media
242,"Iniciativa con Proyecto de Decreto por el que se reforma el ",2024-10-22,1.000,12,2780,0,,,,,,,,no,,,Precluida,media
243,"Iniciativa con Proyecto de Decreto por el que se adiciona el",2024-10-22,1.000,12,2781,0,,,,,,,,no,,,Precluida,media
244,"Iniciativa con Proyecto de Decreto por el que se adicionan l",2024-10-22,1.000,12,2782,0,,,,,,,,no,,,Precluida,media
245,"Iniciativa con Proyecto de Decreto por el que se reforman lo",2024-10-22,1.000,12,2783,0,,,,,,,,no,,,Precluida,media
246,"Iniciativa con proyecto de decreto por el que se reforman y ",2024-10-22,,,,,,,,,,,,,,,Precluida,sin_match
247,"Iniciativa con Proyecto de Decreto por el que se reforman y ",2024-10-22,,,,,,,,,,,,,,,Precluida,sin_match
248,"Iniciativa con Proyecto de Decreto por el que se reforma el ",2024-10-22,1.000,12,2786,0,,,,,,,,no,,,Precluida,media
249,"Iniciativa con Proyecto de Decreto por el que se reforman y ",2024-10-22,1.000,12,2787,0,,,,,,,,no,,,Precluida,media
250,"Iniciativa con Proyecto de Decreto por el que se reforma la ",2024-10-22,1.000,12,2788,0,,,,,,,,no,,,Precluida,media
251,"Iniciativa con Proyecto de Decreto por el que se reforman y ",2024-10-22,1.000,12,2789,0,,,,,,,,no,,,Precluida,media
252,"Iniciativa con Proyecto de Decreto por el que se agrega el i",2024-10-22,1.000,12,2790,0,,,,,,,,no,,,Precluida,media
253,"Iniciativa con Proyecto de Decreto por el que se reforma el ",2024-10-22,1.000,12,2791,0,,,,,,,,no,,,Precluida,media
254,"Iniciativa con Proyecto de Decreto por el que se reforma el ",2024-10-22,1.000,12,2792,0,,,,,,,,no,,,Precluida,media
255,"Iniciativa con Proyecto de Decreto por el que se adiciona el",2024-10-22,1.000,12,2793,0,,,,,,,,no,,,Precluida,media
256,"Iniciativa con Proyecto de Decreto por el que se reforman el",2024-10-22,1.000,12,2794,0,,,,,,,,no,,,En estudio,media
257,"Iniciativa con Proyecto de Decreto por el cual se reforma el",2024-10-22,1.000,12,2795,0,,,,,,,,no,,,Precluida,media
258,"Iniciativa con Proyecto de Decreto por el que se adiciona el",2024-10-22,1.000,12,2796,0,,,,,,,,no,,,Precluida,media
259,"Iniciativa con Proyecto de Decreto por el que se reforman y ",2024-10-22,1.000,12,2797,0,,,,,,,,no,,,Precluida,media
260,"Iniciativa con Proyecto de Decreto por el que se reforman di",2024-10-22,1.000,12,2798,0,,,,,,,,no,,,Precluida,media
261,"Iniciativa con Proyecto de Decreto por el que se reforman la",2024-10-22,1.000,12,2799,0,,,,,,,,no,,,En estudio,media
262,"Iniciativa con Proyecto de Decreto por el que se agrega la f",2024-10-22,1.000,12,2800,0,,,,,,,,no,,,Precluida,media
263,"Iniciativa con Proyecto de Decreto por el que se expide la L",2024-10-22,1.000,12,2801,0,,,,,,,,no,,,En estudio,media
264,"Iniciativa con Proyecto de Decreto por el que se reforma el ",2024-10-22,1.000,12,2802,0,,,,,,,,no,,,Precluida,media
265,"Iniciativa con Proyecto de Decreto por el que se reforma la ",2024-10-22,1.000,12,2803,0,,,,,,,,no,,,Precluida,media
267,"Iniciativa con Proyecto de Decreto por el que se reforma el ",2024-10-22,1.000,12,2805,0,,,,,,,,no,,,Precluida,media
268,"Iniciativa con Proyecto de Decreto por el que se reforma la ",2024-10-22,1.000,12,2806,0,,,,,,,,no,,,Precluida,media
269,"Iniciativa con Proyecto de Decreto por el que se adiciona un",2024-10-22,1.000,12,2807,0,,,,,,,,no,,,Precluida,media
270,"Iniciativa con Proyecto de Decreto por el que se expide la L",2024-10-22,1.000,12,2808,0,,,,,,,,no,,,Precluida,media
271,"Iniciativa con Proyecto de Decreto por el que se reforman y ",2024-10-22,1.000,12,2809,0,,,,,,,,no,,,Precluida,media
272,"Iniciativa con Proyecto de Decreto por el que se reforman la",2024-10-22,1.000,12,2810,0,,,,,,,,no,,,Precluida,media
273,"Iniciativa con Proyecto de Decreto por el que Se agrega la f",2024-10-22,1.000,12,2811,0,,,,,,,,no,,,Precluida,media
274,"Iniciativa con Proyecto de Decreto por el que se reforman lo",2024-10-22,1.000,12,2812,0,,,,,,,,no,,,Precluida,media
275,"Iniciativa con Proyecto de Decreto por el que se reforma el ",2024-10-22,1.000,12,2813,0,,,,,,,,no,,,Precluida,media
276,"Iniciativa con Proyecto de Decreto por el que se agrega el a",2024-10-22,1.000,12,2814,0,,,,,,,,no,,,Precluida,media
277,"Iniciativa con Proyecto de Decreto por el que se reforma la ",2024-10-22,1.000,12,2815,0,,,,,,,,no,,,Precluida,media
278,"Iniciativa con Proyecto de Decreto por el que se deroga la f",2024-10-22,1.000,12,2816,0,,,,,,,,no,,,Precluida,media
279,"Iniciativa con Proyecto de Decreto por el que se agrega un A",2024-10-22,1.000,12,2817,0,,,,,,,,no,,,Precluida,media
280,"Iniciativa con Proyecto de Decreto por el que se crea la Ley",2024-10-22,1.000,12,2818,0,,,,,,,,no,,,Precluida,media
281,"Iniciativa con Proyecto de Decreto por el que adiciona la fr",2024-10-22,1.000,12,2819,0,,,,,,,,no,,,Precluida,media
282,"Iniciativa con Proyecto de Decreto por el que se derogan las",2024-10-22,1.000,12,2820,0,,,,,,,,no,,,Precluida,media
283,"Iniciativa con Proyecto de Decreto por el que se agrega la f",2024-10-22,1.000,12,2821,0,,,,,,,,no,,,Precluida,media
284,"Iniciativa con Proyecto de Decreto por el que se reforman, a",2024-10-22,1.000,12,2822,0,,,,,,,,no,,,Precluida,media
285,"Iniciativa con Proyecto de Decreto por el que se reforma el ",2024-10-22,1.000,12,2823,0,,,,,,,,no,,,Precluida,media
286,"Iniciativa con Proyecto de Decreto por el que se adiciona la",2024-10-22,1.000,12,2824,0,,,,,,,,no,,,Precluida,media
287,"Iniciativa con Proyecto de Decreto por el que se reforman lo",2024-10-22,1.000,12,2825,0,,,,,,,,no,,,Precluida,media
288,"Iniciativa con proyecto de Decreto por el que se reforma la ",2024-10-22,1.000,12,2826,0,,,,,,,,no,,,Precluida,media
289,"Iniciativa con Proyecto de Decreto por el que se adiciona el",2024-10-22,1.000,12,2827,0,,,,,,,,no,,,Precluida,media
290,"Iniciativa con Proyecto de Decreto por el que se adiciona la",2024-10-22,1.000,12,2828,0,,,,,,,,no,,,En estudio,media
291,"Iniciativa con Proyecto de Decreto por el que se reforma la ",2024-10-22,1.000,12,2829,0,,,,,,,,no,,,Precluida,media
292,"Iniciativa con Proyecto de Decreto por el que se reforma el ",2024-10-22,1.000,12,2830,0,,,,,,,,no,,,Precluida,media
293,"Iniciativa que reforma la fracción IX y adiciona la fracción",2024-10-22,1.000,12,2831,0,,,,,,,,no,,,Precluida,media
294,"Iniciativa con Proyecto de Decreto por el que se reforma la ",2024-10-22,1.000,12,2832,0,,,,,,,,no,,,Precluida,media
295,"Iniciativa con Proyecto de Decreto por el que se adiciona la",2024-10-22,1.000,12,2833,0,,,,,,,,no,,,Precluida,media
296,"Iniciativa con Proyecto de Decreto por el que se adicionan l",2024-10-22,1.000,12,2834,0,,,,,,,,no,,,Precluida,media
297,"Iniciativa con Proyecto de Decreto por el que se adiciona la",2024-10-22,1.000,12,2835,0,,,,,,,,no,,,Precluida,media
298,"Iniciativa con Proyecto de Decreto por el que se adiciona un",2024-10-22,1.000,12,2836,0,,,,,,,,no,,,Precluida,media
299,"Iniciativa con Proyecto de Decreto por el que se agrega la f",2024-10-22,1.000,12,2837,0,,,,,,,,no,,,Precluida,media
300,"Iniciativa con Proyecto de Decreto por el que se reforman y ",2024-10-22,1.000,12,2838,0,,,,,,,,no,,,Precluida,media
301,"Iniciativa con Proyecto de Decreto por el que se reforman lo",2024-10-22,1.000,12,2839,0,,,,,,,,no,,,Precluida,media
302,"Iniciativa con Proyecto de Decreto por el que se Expide la L",2024-10-22,1.000,12,2840,0,,,,,,,,no,,,Precluida,media
303,"Iniciativa con por el que se reforma el párrafo dieciocho de",2024-10-22,1.000,12,2841,0,,,,,,,,no,,,Precluida,media
304,"Iniciativa con Proyecto de Decreto por el que se añade una f",2024-10-22,1.000,12,2842,0,,,,,,,,no,,,Precluida,media
305,"Iniciativa con Proyecto de Decreto por el que se adiciona el",2024-10-22,1.000,12,2843,0,,,,,,,,no,,,Precluida,media
306,"Iniciativa con Proyecto de Decreto por el que se adiciona la",2024-10-22,1.000,12,2844,0,,,,,,,,no,,,Precluida,media
307,"Iniciativa con Proyecto de Decreto por el que se reforman la",2024-10-22,1.000,12,2845,0,,,,,,,,no,,,Precluida,media
308,"Iniciativa con Proyecto de Decreto por el que se reforma la ",2024-10-22,1.000,12,2846,0,,,,,,,,no,,,Precluida,media
309,"Iniciativa con Proyecto de Decreto por el que se reforma el ",2024-10-22,1.000,12,2847,0,,,,,,,,no,,,En estudio,media
310,"Iniciativa con Proyecto de Decreto por el que se adiciona la",2024-10-22,1.000,12,2848,0,,,,,,,,no,,,Precluida,media
311,"Iniciativa con Proyecto de Decreto por el que se reforma la ",2024-10-22,1.000,12,2849,0,,,,,,,,no,,,Precluida,media
312,"Iniciativa con Proyecto de Decreto por el que se reforma la ",2024-10-22,1.000,12,2850,0,,,,,,,,no,,,Precluida,media
313,"Iniciativa con Proyecto de Decreto por el que se reforma la ",2024-10-22,1.000,12,2851,0,,,,,,,,no,,,Precluida,media
314,"Iniciativa con Proyecto de Decreto por el que se reforma el ",2024-10-22,1.000,12,2852,0,,,,,,,,no,,,Precluida,media
315,"Iniciativa con Proyecto de Decreto por el que se reforman y ",2024-10-22,1.000,12,2853,0,,,,,,2025-06-05,,no,,,Precluida,media
316,"Iniciativa con Proyecto de Decreto por el que se adiciona el",2024-10-22,1.000,12,2854,0,,,,,,,,no,,,En estudio,media
317,"Iniciativa con Proyecto de Decreto por el que se expide la L",2024-10-22,1.000,12,2855,0,,,,,,,,no,,,En estudio,media
318,"Iniciativa con Proyecto de Decreto por el que se adicionan d",2024-10-22,1.000,12,2856,0,,,,,,,,no,,,En estudio,media
319,"Iniciativa de Decreto por el que se autoriza al H. Ayuntamie",2024-10-22,1.000,12,3221,1,directo,,2137,Comisión,2025-04-09,2025-04-09,1,no,,2025-04-30,Aprobada,alta
320,"Iniciativa de Decreto por el que se autoriza al H. Ayuntamie",2024-10-22,1.000,12,2857,0,,,,,,,,no,,,En estudio,media
321,"Iniciativa de Decreto por el que se autoriza al Organismo Pú",2024-10-22,1.000,12,2858,0,,,,,,,,no,,,En estudio,media
323,"Iniciativa de Decreto por el que se reforman, adicionan y de",2024-10-22,1.000,12,2859,0,,,,,,,,no,,,En estudio,media
325,"Iniciativa de Decreto por el que se crea el Organismo Públic",2024-10-22,1.000,12,2860,0,,,,,,,,no,,,En estudio,media
326,"Iniciativa de Decreto por el que se crea el Organismo Públic",2021-10-28,,,,,,,,,,,,,,,En estudio,sin_match
327,"Iniciativa de Decreto que reforma diversos Libros, Títulos, ",2024-10-22,1.000,12,2862,0,,,,,,,,no,,,En estudio,media
328,"Iniciativa con Proyecto de Decreto por la que se reforma el ",2024-10-29,0.700,13,92,0,,,,,,,,no,,,En estudio,media
329,"Iniciativa con Proyecto de Decreto que reforma el artículo 8",2024-10-29,0.719,13,93,0,,,,,,,,no,,,En estudio,media
330,"Iniciativa con Proyecto de Decreto por el que se reforma la ",2024-10-29,,,,,,,,,,,,,,,En estudio,sin_match
331,"Iniciativa con Proyecto de Decreto por el que se reforma la ",2024-10-29,,,,,,,,,,,,,,2026-04-22,Aprobada,sin_match
333,"Iniciativa de Decreto por el que se reforman diversas dispos",2024-10-29,0.610,13,97,2,expediente,122,1417,Comisión,2025-02-07,2025-02-07,1,no,,2025-02-19,Aprobada,alta
334,"Iniciativa con Proyecto de Decreto para reformar y adicionar",2024-10-29,0.718,13,98,0,,,,,,,,no,,,En estudio,media
335,"Iniciativa con Proyecto de Decreto por el que se adiciona la",2024-10-29,0.774,13,99,0,,,,,,,,no,,,En estudio,media
336,"Iniciativa con Proyecto de Decreto por el que se reforma el ",2024-10-29,0.669,13,100,0,,,,,,,,no,,,En estudio,media
337,"Iniciativa con Proyecto de Decreto por el que se reforman y ",2024-11-05,0.593,15,115,0,,,,,,,,no,,,En estudio,media
338,"Iniciativa con Proyecto de Decreto que se reforma el Capítul",2024-11-05,0.679,15,116,1,directo,,2143,Comisión,2025-04-11,2025-04-11,1,no,,2025-11-12,Aprobada,alta
339,"Iniciativa con Proyecto de reforma al Código para la Biodive",2024-11-05,0.447,15,117,0,,,,,,,,no,,,En estudio,baja
340,"Iniciativa con Proyecto de Decreto por la que se reforman di",2024-11-05,,,,,,,,,,,,,,2025-05-07,Aprobada,sin_match
341,"Iniciativa con Proyecto de Decreto por el que se adicionan l",2024-11-05,0.623,15,119,1,directo,,2195,Comisión,2025-06-12,2025-06-12,1,no,,2025-06-26,Aprobada,alta
342,"Iniciativa con Proyecto de Decreto que reforma el artículo 6",2024-11-05,0.492,15,120,0,,,,,,,,no,,,En estudio,baja
343,"Iniciativa con Proyecto de Decreto por el que se expide la L",2024-11-05,0.617,15,121,3,expediente,,1952,Comisión,2024-11-06,,2,no,,,En estudio,baja
347,"Iniciativa con Proyecto de Decreto por el que se adiciona un",2024-11-12,0.634,16,133,2,directo,,2242,Comisión,2025-08-14,2025-08-14,1,no,,2025-09-02,Aprobada,alta
348,"Iniciativa con proyecto de Decreto por el que se reforman y ",2024-11-12,0.671,16,134,1,expediente,,2603,Comisión,2025-06-11,,2,no,,,En estudio,baja
349,"Iniciativa con Proyecto de Decreto al Congreso de la Unión p",2024-11-12,0.556,16,135,1,expediente,,2057,Comisión,2025-01-20,,2,no,,2024-11-12,Aprobada,baja
350,"Iniciativa con Proyecto de Decreto que reforma la Ley Orgáni",2024-11-12,0.482,16,136,3,directo,,2393,Comisión,2025-11-13,2025-11-13,1,no,,2026-04-09,Aprobada,alta
351,"Iniciativa con Proyecto de Decreto por el que se reforman el",2024-11-12,0.545,16,137,2,expediente,,1059,Sesión,2025-11-05,,3,no,,,En estudio,baja
352,"Iniciativa con Proyecto de Decreto por el que se reforma la ",2024-11-12,0.660,16,138,2,expediente,128,3125,Comisión,2026-04-21,2026-04-08,2,no,,2026-04-22,Aprobada,baja
353,"Iniciativa con Proyecto de Decreto por el que se reforman y ",2024-11-12,0.566,16,139,3,expediente,122,1417,Comisión,2025-02-07,2025-02-07,1,no,,2025-02-19,Aprobada,alta
354,"Iniciativa de Decreto por el que se reforman diversas dispos",2024-11-12,0.452,16,140,1,expediente,,2219,Comisión,2025-06-23,,2,no,,,En estudio,baja
355,"Iniciativa con Proyecto de Decreto que adiciona la fracción ",2024-11-12,,,,,,,,,,,,,,,En estudio,sin_match
356,"Iniciativa con Proyecto de Decreto por el que se adicionan u",2024-11-12,0.800,16,142,1,expediente,,2683,Comisión,2026-03-12,,2,no,,,En estudio,baja
357,"Iniciativa con Proyecto de Decreto por el que se reforman y ",2024-11-12,,,,,,,,,,,,,,,En estudio,sin_match
358,"Iniciativa con Proyecto de Decreto por el que se adiciona un",2024-11-12,0.603,16,144,1,expediente,,2478,Comisión,2025-12-09,,2,no,,,En estudio,baja
359,"Iniciativa con Proyecto de Decreto por el que se reforma la ",2024-11-12,0.754,16,145,1,expediente,,1722,Comisión,2026-02-26,,2,no,,,En estudio,baja
360,"Iniciativa de Decreto por el que se propone terna de ciudada",2024-11-12,0.900,16,156,0,,,,,,,,no,,2024-11-12,Aprobada,media
361,"Iniciativa de Decreto por la que se autoriza al H. Ayuntamie",2024-11-19,0.930,18,159,1,directo,,1975,Comisión,2024-11-26,2024-11-26,1,no,,2024-12-03,Aprobada,alta
362,"Iniciativa de Decreto por el que se autoriza al H. Ayuntamie",2024-11-19,0.919,18,160,1,directo,,1986,Comisión,2024-11-28,2024-11-28,1,no,,2024-12-03,Aprobada,alta
363,"Iniciativa de Decreto por el que se aprueba el Convenio Amis",2024-11-19,0.843,18,161,1,directo,,1977,Comisión,2024-11-26,2024-11-26,1,no,,2024-12-05,Aprobada,alta
364,"Iniciativa de Decreto por el que se reforman diversas dispos",2024-11-19,0.855,18,162,1,directo,,1988,Comisión,2024-11-28,2024-11-28,1,no,,2024-12-05,Aprobada,alta
384,"Iniciativa con Proyecto de Decreto por el que se reforman y ",2024-11-19,0.531,18,165,0,,,,,,2024-12-18,,no,,,En estudio,media
385,"Iniciativa con Proyecto de Decreto por la que se declara el ",2024-11-19,0.665,18,166,1,directo,,2247,Comisión,2025-08-21,2025-08-21,2,no,,2025-09-10,Aprobada,alta
386,"Iniciativa de Decreto por la que se adiciona un párrafo terc",2024-11-19,0.466,18,167,0,,,,,,,,no,,,En estudio,baja
387,"Iniciativa con Proyecto de Decreto por el que se derogan div",2024-11-19,,,,,,,,,,,,,,,En estudio,sin_match
389,"Iniciativa con Proyecto de Decreto que reforma los párrafos ",2024-11-19,0.720,18,170,1,directo,,2945,Comisión,2026-03-17,2026-03-17,1,no,,,En estudio,alta
390,"Iniciativa con Proyecto de Decreto por el que se reforman y ",2024-11-19,,,,,,,,,,,,,,,En estudio,sin_match
391,"Iniciativa con Proyecto de Decreto por la que se adiciona la",2024-11-19,0.375,18,172,0,,,,,,,,no,,,Precluida,baja
392,"Iniciativa con Proyecto de Decreto que se reforma el artícul",2024-11-19,0.503,18,173,0,,,,,,,,no,,,En estudio,media
396,"Iniciativa con Proyecto de Decreto por el que se expide la L",2024-11-25,0.428,19,190,0,,,,,,,,no,,,En estudio,baja
397,"Iniciativa con Proyecto de Decreto por el que se adiciona un",2024-11-25,0.504,19,191,0,,,,,,,,no,,,En estudio,media
398,"Iniciativa con Proyecto de Decreto por el que se reforman y ",2024-11-25,0.512,19,192,0,,,,,,,,no,,,En estudio,media
399,"Iniciativa con proyecto de Decreto por el que se adicionan d",2024-11-25,0.466,19,193,0,,,,,,,,no,,,En estudio,baja
400,"Iniciativa con Proyecto de Decreto por el que se reforman la",2024-11-25,0.362,19,194,0,,,,,,,,no,,2024-11-25,Aprobada,baja
401,"Iniciativa de Decreto para designar 4 representantes propiet",2024-11-25,0.708,19,195,0,,,,,,,,no,,2024-11-25,Aprobada,media
402,"Iniciativa de decreto por el que se designan representantes ",2024-11-25,0.657,19,196,0,,,,,,,,no,,2024-11-25,Aprobada,media
403,"Iniciativa de Decreto para designar representantes de la Leg",2024-11-25,0.669,19,197,0,,,,,,,,no,,2024-11-25,Aprobada,media
404,"Iniciativa de Decreto por el que se reforman y adicionan div",2024-11-25,0.689,19,198,1,directo,,2030,Comisión,2024-12-16,2024-12-16,1,no,,2024-12-19,Aprobada,alta
405,"Iniciativa de Decreto por el que se autoriza al Poder Ejecut",2024-11-28,,,,,,,,,,,,,,2024-12-03,Aprobada,sin_match
406,"Iniciativa de Decreto por el que se autoriza al Poder Ejecut",2024-11-28,,,,,,,,,,,,,,2024-12-03,Aprobada,sin_match
407,"Iniciativa de Decreto por el que se autoriza al Poder Ejecut",2024-11-28,,,,,,,,,,,,,,2024-12-03,Aprobada,sin_match
408,"Iniciativa de Decreto por el que se autoriza al Poder Ejecut",2024-11-28,,,,,,,,,,,,,,2024-12-03,Aprobada,sin_match
409,"Iniciativa de Decreto por el que se autoriza al Poder Ejecut",2024-11-28,,,,,,,,,,,,,,2024-12-03,Aprobada,sin_match
410,"Iniciativa de Decreto por el que se autoriza al Poder Ejecut",2024-11-28,,,,,,,,,,,,,,2024-12-03,Aprobada,sin_match
411,"Iniciativa de Decreto por el que se autoriza al Poder Ejecut",2024-11-28,,,,,,,,,,,,,,2024-12-03,Aprobada,sin_match
412,"Iniciativa de Decreto por el que se autoriza al Poder Ejecut",2024-11-28,,,,,,,,,,,,,,2024-12-03,Aprobada,sin_match
413,"Iniciativa de Decreto por el que se autoriza al Poder Ejecut",2024-11-28,,,,,,,,,,,,,,2024-12-03,Aprobada,sin_match
414,"Iniciativa de Decreto por el que se autoriza al Poder Ejecut",2024-11-28,,,,,,,,,,,,,,2024-12-03,Aprobada,sin_match
415,"Iniciativa de Decreto por el que se autoriza al Poder Ejecut",2024-11-28,,,,,,,,,,,,,,2024-12-03,Aprobada,sin_match
416,"Iniciativa de Decreto por el que se autoriza al Poder Ejecut",2024-11-28,,,,,,,,,,,,,,2024-12-03,Aprobada,sin_match
417,"Iniciativa de Decreto por el que se autoriza al Poder Ejecut",2024-11-28,,,,,,,,,,,,,,2024-12-03,Aprobada,sin_match
418,"Iniciativa de Decreto por el que se autoriza al Poder Ejecut",2024-11-28,,,,,,,,,,,,,,2024-12-03,Aprobada,sin_match
419,"Iniciativa de Decreto por el que se autoriza al Poder Ejecut",2024-11-28,,,,,,,,,,,,,,2024-12-03,Aprobada,sin_match
420,"Iniciativa de Decreto por el que se autoriza al Poder Ejecut",2024-11-28,,,,,,,,,,,,,,2024-12-03,Aprobada,sin_match
421,"Iniciativa de Decreto por el que se autoriza al Poder Ejecut",2024-11-28,,,,,,,,,,,,,,2024-12-03,Aprobada,sin_match
422,"Iniciativa de Decreto por el que se autoriza al Poder Ejecut",2024-11-28,,,,,,,,,,,,,,2024-12-03,Aprobada,sin_match
423,"Iniciativa de Decreto por el que se autoriza al Poder Ejecut",2024-11-28,,,,,,,,,,,,,,2024-12-03,Aprobada,sin_match
424,"Iniciativa de Decreto por el que se autoriza al Poder Ejecut",2024-11-28,,,,,,,,,,,,,,2024-12-03,Aprobada,sin_match
425,"Iniciativa de Decreto por el que se autoriza al H. Ayuntamie",2024-11-28,0.921,20,221,1,directo,,1323,Comisión,2024-12-02,2024-12-02,2,no,,2024-12-03,Aprobada,alta
426,"Iniciativa de Decreto por el que se abroga la Ley que crea e",2024-11-28,0.817,20,222,1,directo,,2035,Comisión,2024-12-16,2024-12-16,1,no,,2024-12-19,Aprobada,alta
427,"Iniciativa de Decreto por el que se autoriza al Poder Ejecut",2024-11-28,0.916,20,223,1,directo,,1324,Comisión,2024-12-02,2024-12-02,2,no,,2024-12-03,Aprobada,alta
428,"Iniciativa de Decreto por el que se aprueba el Convenio Amis",2024-11-28,0.874,20,224,1,directo,,2039,Comisión,2024-12-17,2024-12-17,2,no,,2024-12-19,Aprobada,alta
429,"Iniciativa con Proyecto de Decreto por el que se reforma el ",2024-11-28,0.839,20,225,3,directo,,2019,Comisión,2024-12-11,2024-12-11,1,no,,2024-12-19,Aprobada,alta
430,"Iniciativa de Decreto por el que se Reforman y Adicionan div",2024-11-28,0.850,20,226,1,directo,,2024,Comisión,2024-12-11,2024-12-11,1,no,,2024-12-19,Aprobada,alta
431,"Iniciativa con Proyecto de Decreto al Congreso de la Unión p",2024-11-28,0.755,20,227,1,directo,,2015,Comisión,2024-12-11,2024-12-11,1,no,,2024-12-19,Aprobada,alta
432,"Iniciativa de Decreto por el que se autoriza al H. Ayuntamie",2024-11-28,0.873,20,228,1,directo,,1325,Comisión,2024-12-02,2024-12-02,2,no,,2024-12-03,Aprobada,alta
433,"Con motivo de la designación de la Persona Titular del Órgan",2024-12-05,0.783,22,245,0,,,,,,,,no,,2024-12-05,Aprobada,media
434,"Con motivo de la designación de la Persona Titular del Órgan",2024-12-05,0.658,22,246,0,,,,,,,,no,,2024-12-05,Aprobada,media
435,"Con motivo de la designación de la Persona Titular de la Con",2024-12-05,0.648,22,247,0,,,,,,,,no,,2024-12-05,Aprobada,media
436,"Iniciativa con proyecto de Decreto por el que se reforman lo",2024-12-05,0.756,22,250,0,,,,,,,,no,,,En estudio,media
437,"Iniciativa de Decreto por el que se adiciona un párrafo quin",2024-12-05,0.661,22,251,1,directo,,2026,Comisión,2024-12-13,2024-12-13,2,no,,2024-12-13,Aprobada,alta
439,"Iniciativa con Proyecto de Decreto por el que se adiciona un",2024-12-05,0.552,22,253,0,,,,,,,,no,,,En estudio,media
440,"Iniciativa con Proyecto de Decreto por el que se reforma el ",2024-12-05,0.623,22,254,1,expediente,132,3027,Comisión,2026-04-08,2026-04-08,2,no,,2026-04-09,Aprobada,alta
441,"Iniciativa con Proyecto de Decreto por la que se adiciona la",2024-12-05,0.679,22,255,1,directo,,2208,Comisión,2025-06-19,2025-06-19,2,no,,2025-06-26,Aprobada,alta
442,"Con motivo de la designación de la Persona Titular del Órgan",2024-12-10,0.689,23,264,0,,,,,,,,no,,2024-12-10,Aprobada,media
443,"Dictamen, listado y expedientes de candidatos de Institucion",2024-12-10,0.932,23,265,0,,,,,,,,no,,2024-12-10,Aprobada,media
444,"Iniciativa de Decreto por el que se reforman diversas dispos",2024-12-10,0.733,23,266,1,directo,,2032,Comisión,2024-12-16,2024-12-16,1,no,,2024-12-19,Aprobada,alta
445,"Iniciativa con Proyecto de Decreto que reforma la fracción V",2024-12-10,0.546,23,267,0,,,,,,,,no,,,Precluida,media
446,"Iniciativa de Decreto por el que se reforman y adicionan div",2024-12-10,0.603,23,268,4,directo,,2139,Comisión,2025-04-10,2025-04-10,1,no,,2025-06-26,Aprobada,alta
447,"Iniciativa con Proyecto de Decreto por el que se adiciona la",2024-12-10,0.530,23,269,0,,,,,,,,no,,,En estudio,media
448,"Iniciativa con Proyecto de Decreto por el que se adicionan d",2024-12-10,0.597,23,270,0,,,,,,,,no,,,En estudio,media
449,"Iniciativa con Proyecto de Decreto que reforma y adiciona di",2024-12-10,0.625,23,271,0,,,,,,,,no,,,En estudio,media
450,"Iniciativa con Proyecto de Decreto por el que se reforman y ",2024-12-10,0.639,23,272,0,,,,,,2025-02-17,,no,,2025-02-19,Aprobada,media
451,"Iniciativa con Proyecto de Decreto por el que se adicionan, ",2024-12-10,0.698,23,273,0,,,,,,,,no,,,En estudio,media
452,"Iniciativa con proyecto de Decreto por el que se reforman y ",2024-12-10,,,,,,,,,,,,,,,En estudio,sin_match
453,"Iniciativa con Proyecto de Decreto por el que se reforma la ",2024-12-10,,,,,,,,,,,,,,2025-02-12,Aprobada,sin_match
454,"Iniciativa con Proyecto de Decreto por el que se crea el art",2024-12-10,0.523,23,278,0,,,,,,,,no,,,Precluida,media
455,"Con motivo de la designación de la Persona Titular del Órgan",2024-12-13,0.672,24,286,0,,,,,,,,no,,2024-12-13,Aprobada,media
456,"Iniciativa de Ley de Ingresos del Estado de México para el e",2024-12-13,1.000,24,290,0,,,,,,2024-12-18,,no,,2024-12-19,Aprobada,media
457,"Iniciativa de Ley de Ingresos de los Municipios del Estado d",2024-12-13,1.000,24,291,0,,,,,,2024-12-18,,no,,2024-12-19,Aprobada,media
458,"Presupuesto de Egresos del Gobierno del Estado de México par",2024-12-13,1.000,24,292,0,,,,,,2024-12-18,,no,,2024-12-19,Aprobada,media
461,"Iniciativa con Proyecto de Decreto mediante la cual se propo",2024-12-13,0.711,24,295,0,,,,,,,,no,,,En estudio,media
462,"Iniciativa con Proyecto de Decreto por el que se reforma el ",2024-12-13,0.601,24,296,1,directo,,2245,Comisión,2025-08-20,2025-08-20,1,no,,2025-09-10,Aprobada,alta
463,"Iniciativa con Proyecto de Decreto para reformar y adicionar",2024-12-13,,,,,,,,,,,,,,,En estudio,sin_match
464,"Iniciativa con Proyecto de Decreto por el que se adicionan y",2024-12-13,,,,,,,,,,,,,,,En estudio,sin_match
467,"Iniciativa de Decreto por el que se declara '2025. Bicentena",2024-12-19,0.561,25,319,0,,,,,,,,no,,2024-12-19,Aprobada,media
468,"Iniciativa con Proyecto de Decreto mediante la cual se refor",2024-12-19,0.723,25,320,1,expediente,134,2603,Comisión,2025-06-11,2025-05-12,2,no,,2026-03-04,Aprobada,baja
469,"Solicitud sobre la creación del Municipio de Atzingo, presen",2024-12-19,0.571,25,321,0,,,,,,,,no,,,En estudio,media
470,"Escrito de renuncia de Ana Rosa Miranda Nava, al cargo de Ma",2024-12-19,0.409,25,324,5,expediente,135,2057,Comisión,2025-01-20,2025-01-20,2,no,,2025-01-20,Aprobada,alta
471,"Escrito de renuncia de Patricia Lucia Martínez Esparza, al c",2024-12-19,0.416,25,324,5,expediente,135,2057,Comisión,2025-01-20,2025-01-20,2,no,,2025-01-20,Aprobada,alta
472,"Escrito de renuncia de Everardo Shaín Salgado, al cargo de M",2024-12-19,0.425,25,324,5,expediente,135,2057,Comisión,2025-01-20,2025-01-20,2,no,,2025-01-20,Aprobada,alta
473,"Escrito de renuncia de José Noé Gómora Colín, al cargo de Ma",2024-12-19,0.416,25,324,5,expediente,135,2057,Comisión,2025-01-20,2025-01-20,2,no,,2025-01-20,Aprobada,alta
474,"Escrito de renuncia de José Salim Modesto Sánchez Jalili, al",2024-12-19,0.408,25,324,5,expediente,135,2057,Comisión,2025-01-20,2025-01-20,2,no,,2025-01-20,Aprobada,alta
475,"Iniciativa de Decreto por el que se reforman y adicionan div",2025-01-06,0.632,28,335,0,,,,,,2025-02-11,,no,,2025-02-19,Aprobada,media
476,"Iniciativa de Decreto por el que se deroga el Capítulo VI de",2025-01-06,0.839,28,1741,0,,,,,,2025-02-04,,no,,2025-02-06,Aprobada,media
477,"Iniciativa de Decreto por el que se reforman diversas dispos",2025-01-06,,,,,,,,,,,,,,2025-02-19,Aprobada,sin_match
478,"Iniciativa de Decreto por el que se reforman diversas dispos",2025-01-06,0.814,28,338,0,,,,,,2025-02-04,,no,,,En estudio,media
479,"Iniciativa de Decreto por el que se autoriza al H. Ayuntamie",2025-01-06,0.907,28,339,0,,,,,,2025-02-07,,no,,2025-02-19,Aprobada,media
480,"Iniciativa de Decreto por el que se adiciona un párrafo segu",2025-01-06,0.615,28,340,0,,,,,,2025-02-07,,no,,2025-02-19,Aprobada,media
482,"Iniciativa de Decreto por el que se reforman diversas dispos",2025-01-06,0.912,28,342,0,,,,,,2025-02-05,,no,,2025-02-12,Aprobada,media
483,"Iniciativa de Decreto por el que se convoca a la “LXII” Legi",2025-01-10,0.760,29,348,0,,,,,,,,no,,2025-01-10,Aprobada,media
484,"Iniciativa de Decreto por el que se reforman y adicionan div",2025-01-14,0.609,30,357,0,,,,,,,,no,,2025-01-14,Aprobada,media
485,"Escrito de renuncia de Enrique Víctor Manuel Vega Gómez, al ",2025-01-20,,,,,,,,,,,,,,2025-01-20,Aprobada,sin_match
486,"Escrito de renuncia de Ma. Cristina Miranda Cruz, al cargo d",2025-01-20,,,,,,,,,,,,,,2025-01-20,Aprobada,sin_match
487,"Escrito de renuncia de Patricio Tiberio Sánchez Vértiz Ruiz,",2025-01-20,,,,,,,,,,,,,,2025-01-20,Aprobada,sin_match
488,"Escrito de renuncia de Juan Arturo Velázquez Méndez, al carg",2025-01-20,,,,,,,,,,,,,,2025-01-20,Aprobada,sin_match
489,"Escrito de renuncia de Alejandro Velázquez Contreras, al car",2025-01-20,,,,,,,,,,,,,,2025-01-20,Aprobada,sin_match
490,"Escrito de renuncia de Felipe Mata Hernández, al cargo de Ma",2025-01-20,,,,,,,,,,,,,,2025-01-20,Aprobada,sin_match
491,"Escrito de renuncia de Tomás Santana Malváez, al cargo de Ma",2025-01-20,,,,,,,,,,,,,,2025-01-20,Aprobada,sin_match
492,"Escrito de renuncia de Eduardo Alejandro Jaramillo Salgado, ",2025-01-20,,,,,,,,,,,,,,2025-01-20,Aprobada,sin_match
493,"Escrito de renuncia de Elizabeth Rodríguez Cañedo, al cargo ",2025-01-20,,,,,,,,,,,,,,2025-01-20,Aprobada,sin_match
494,"Escrito de renuncia de Raymundo García Hernández, al cargo d",2025-01-20,,,,,,,,,,,,,,2025-01-20,Aprobada,sin_match
495,"Escrito de renuncia de Raúl Aarón Romero Ortega, al cargo de",2025-01-20,,,,,,,,,,,,,,2025-01-20,Aprobada,sin_match
496,"Escrito de renuncia de Lucía Núñez Aguilar, al cargo de Magi",2025-01-20,,,,,,,,,,,,,,2025-01-20,Aprobada,sin_match
497,"Escrito de renuncia de Sergio Arturo Valls Esponda, al cargo",2025-01-20,,,,,,,,,,,,,,2025-01-20,Aprobada,sin_match
498,"Escrito de renuncia de Sergio Castillo Miranda, al cargo de ",2025-01-20,,,,,,,,,,,,,,2025-01-20,Aprobada,sin_match
499,"Escrito de renuncia de Ricardo Alfredo Sodi Cuellar, al carg",2025-01-20,,,,,,,,,,,,,,2025-01-20,Aprobada,sin_match
500,"Emisión de la Convocatoria Pública para integrar los listado",2025-01-31,0.888,35,376,0,,,,,,,,no,,2025-01-31,Aprobada,media
501,"Iniciativa de Decreto por el que se integra el Comité de Eva",2025-02-06,0.731,38,380,0,,,,,,,,no,,2025-02-06,Aprobada,media
502,"Iniciativa de Decreto por el que se reforman y adicionan div",2025-02-06,0.720,38,382,0,,,,,,,,no,,,En estudio,media
503,"Iniciativa con Proyecto de Decreto por el que se reforma la ",2025-02-06,0.607,38,383,0,,,,,,,,no,,,En estudio,media
504,"Iniciativa con Proyecto de Decreto por la que se reforman y ",2025-02-06,0.745,38,384,1,directo,,1715,Comisión,2026-02-24,2026-02-24,1,no,,2026-03-11,Aprobada,alta
505,"Iniciativa con Proyecto de Decreto por el que se adiciona la",2025-02-06,0.738,38,385,0,,,,,,,,no,,,En estudio,media
506,"Iniciativa con Proyecto de Decreto por el que se reforma el ",2025-02-06,0.801,38,386,1,directo,,2088,Comisión,2025-02-12,2025-02-12,2,no,,2025-02-19,Aprobada,alta
507,"Iniciativa con Proyecto de Decreto mediante la cual se expid",2025-02-06,0.737,38,387,0,,,,,,,,no,,,En estudio,media
508,"Iniciativa con Proyecto de Decreto por el que se adicionan l",2025-02-06,0.738,38,388,0,,,,,,,,no,,,En estudio,media
509,"Iniciativa con Proyecto de Decreto por el que se reforma el ",2025-02-06,0.679,38,389,0,,,,,,,,no,,,En estudio,media
510,"Iniciativa con Proyecto de Decreto por el que se reforma el ",2025-02-06,0.568,38,390,0,,,,,,,,no,,,En estudio,media
511,"Iniciativa con Proyecto de Decreto de reforma Constitucional",2025-02-06,,,,,,,,,,,,,,,En estudio,sin_match
512,"Iniciativa con Proyecto de Decreto por el que se agrega la f",2025-02-06,0.466,38,392,0,,,,,,2026-03-10,,no,,2026-03-11,Aprobada,baja
513,"Iniciativa con Proyecto de Decreto por el cual se reforman y",2025-02-12,,,,,,,,,,,,,,,En estudio,sin_match
514,"Iniciativa con Proyecto de Decreto por la que se reforma el ",2025-02-12,0.532,39,408,0,,,,,,,,no,,,En estudio,media
515,"Iniciativa con Proyecto de Decreto por el que se modifica la",2025-02-12,0.628,39,409,0,,,,,,,,no,,,En estudio,media
516,"Iniciativa con Proyecto de Decreto por el que se reforman, d",2025-02-12,0.724,39,410,1,directo,,2159,Comisión,2025-05-06,2025-05-06,1,no,,2025-09-10,Aprobada,alta
517,"Iniciativa con Proyecto de Decreto, mediante la cual se expi",2025-02-12,0.609,39,411,0,,,,,,,,no,,,En estudio,media
518,"Iniciativa con Proyecto de Decreto por el que se reforma la ",2025-02-12,0.489,39,412,0,,,,,,2025-10-23,,no,,2025-11-05,Aprobada,baja
519,"Iniciativa con Proyecto de Decreto por el que se expide la L",2025-02-12,0.765,39,413,0,,,,,,,,no,,,En estudio,media
520,"Iniciativa con Proyecto de Decreto por se reforma el párrafo",2025-02-12,0.533,39,414,1,directo,,2101,Comisión,2025-03-13,2025-03-13,1,no,,2025-04-02,Aprobada,alta
521,"Iniciativa con Proyecto de Decreto por el que se reforman y ",2025-02-12,0.527,39,416,0,,,,,,,,no,,,En estudio,media
522,"Iniciativa con Proyecto de Decreto por el que se adiciona el",2025-02-12,0.503,39,417,0,,,,,,,,no,,,Precluida,media
523,"Iniciativa con Proyecto de Decreto por el que se reforman di",2025-02-19,,,,,,,,,,,,,,,En estudio,sin_match
524,"Iniciativa con Proyecto de Decreto por la que se reforma el ",2025-02-19,0.699,40,430,0,,,,,,,,no,,,En estudio,media
525,"Iniciativa con Proyecto de Decreto por el cual se reforman y",2025-02-19,0.684,40,431,0,,,,,,2025-04-29,,no,,2025-05-07,Aprobada,media
526,"Iniciativa con Proyecto de Decreto, mediante la cual adicion",2025-02-19,0.748,40,432,1,directo,,2942,Comisión,2026-03-17,2026-03-17,1,no,,2026-04-09,Aprobada,alta
528,"Iniciativa con Proyecto de Decreto por la que se adiciona un",2025-02-19,0.739,40,434,0,,,,,,2025-08-14,,no,,2025-09-02,Aprobada,media
529,"Iniciativa con Proyecto de Decreto por el que se reforman y ",2025-02-19,0.584,40,435,0,,,,,,2025-06-05,,no,,,En estudio,media
530,"Iniciativa con Proyecto de Decreto por el que se reforma el ",2025-02-19,0.757,40,436,1,directo,,2340,Comisión,2025-10-28,2025-10-28,1,no,,2025-11-05,Aprobada,alta
531,"Iniciativa con Proyecto de Decreto por el que se reforma la ",2025-02-19,0.700,40,437,1,directo,,2296,Comisión,2025-10-06,2025-10-06,1,no,,2025-10-22,Aprobada,alta
532,"Iniciativa con Proyecto de Decreto por el que se adiciona un",2025-02-19,0.762,40,438,0,,,,,,,,no,,,En estudio,media
533,"Iniciativa con Proyecto de Decreto por el que se reforma el ",2025-02-19,,,,,,,,,,,,,,2025-09-02,Aprobada,sin_match
534,"Iniciativa con Proyecto de Decreto por el que se reforman y ",2025-02-19,,,,,,,,,,,,,,,En estudio,sin_match
535,"Iniciativa con Proyecto de Decreto por el que se reforman di",2025-02-19,0.553,40,441,0,,,,,,,,no,,,Precluida,media
536,"Iniciativa con Proyecto de Decreto por el que se expide la L",2025-02-27,0.734,41,452,1,directo,,2157,Comisión,2025-05-06,2025-05-06,1,no,,2025-05-07,Aprobada,alta
537,"Iniciativa con Proyecto de Decreto por la que se reforma la ",2025-02-27,0.679,41,453,1,expediente,128,3125,Comisión,2026-04-21,2026-04-21,2,no,,2026-04-22,Aprobada,alta
538,"Iniciativa de Decreto por el que se reforman y adicionan div",2025-02-27,0.525,41,455,2,expediente,136,2640,Comisión,2026-03-05,2026-03-05,2,no,,,En estudio,alta
540,"Iniciativa con Proyecto de Decreto por el que se adiciona un",2025-02-27,0.811,41,456,0,,,,,,,,no,,,En estudio,media
541,"Iniciativa con Proyecto de Decreto por el que se reforman lo",2025-02-27,0.580,41,457,1,directo,,2398,Comisión,2025-11-18,2025-11-18,1,no,,2025-11-27,Aprobada,alta
542,"Iniciativa con Proyecto de Decreto por el que se adicionan s",2025-02-27,,,,,,,,,,,,,,,En estudio,sin_match
543,"Iniciativa de Decreto por el que se designa Consejera/o de l",2025-03-05,0.612,42,464,0,,,,,,,,no,,2025-03-05,Aprobada,media
544,"Iniciativa de Decreto por el que se reforman, adicionan y de",2025-03-05,0.836,42,466,1,directo,,2105,Comisión,2025-03-18,2025-03-18,1,no,,2025-03-26,Aprobada,alta
545,"Iniciativa de Decreto por el que se reforman diversas dispos",2025-03-05,0.604,42,467,1,expediente,123,2103,Comisión,2025-03-18,2025-03-18,1,no,,2025-03-26,Aprobada,alta
546,"Iniciativa de Decreto por el que se aprueba la renuncia de A",2025-03-05,0.773,42,468,0,,,,,,,,no,,2025-03-05,Aprobada,media
547,"Iniciativa con Proyecto de Decreto por el que se reforman di",2025-03-05,0.667,42,469,2,expediente,136,2640,Comisión,2026-03-05,2026-03-05,2,no,,,En estudio,alta
548,"Iniciativa con Proyecto de Decreto por el cual se adiciona u",2025-03-05,0.508,42,470,1,directo,,2316,Comisión,2025-10-16,2025-10-02,2,no,,2025-10-22,Aprobada,baja
549,"Iniciativa con Proyecto de Decreto por el que se reforman, e",2025-03-05,0.503,42,471,0,,,,,,,,no,,,En estudio,media
550,"Iniciativa con Proyecto de Decreto por el que se reforman y ",2025-03-05,0.746,42,472,0,,,,,,,,no,,,En estudio,media
551,"Iniciativa con Proyecto de Decreto por el que se adiciona un",2025-03-05,0.611,42,473,2,directo,,2602,Comisión,2025-05-12,2025-05-12,1,no,,2026-03-04,Aprobada,alta
553,"Iniciativa con Proyecto de Decreto por el que se adiciona el",2025-03-05,0.680,42,475,1,expediente,139,3185,Comisión,2026-04-30,2026-04-30,2,no,,2026-05-06,Aprobada,alta
554,"Iniciativa con Proyecto de Decreto por el que se reforman y ",2025-03-05,,,,,,,,,,,,,,,En estudio,sin_match
555,"Iniciativa con Proyecto de Decreto por el que se expide la L",2025-03-05,0.643,42,477,1,expediente,132,3027,Comisión,2026-04-08,2026-04-08,2,no,,2026-04-09,Aprobada,alta
556,"Iniciativa de Decreto por la que se designa a la persona tit",2025-03-12,0.652,43,485,0,,,,,,,,no,,2025-03-12,Aprobada,media
557,"Iniciativa de Decreto por el que se reforman y adicionan div",2025-03-12,0.736,43,490,1,directo,,2111,Comisión,2025-03-25,2025-03-25,1,no,,2026-04-09,Aprobada,alta
558,"Iniciativa de Decreto por el que se reforma la denominación ",2025-03-12,0.870,43,491,1,directo,,2109,Comisión,2025-03-24,2025-03-24,1,no,,2025-04-02,Aprobada,alta
559,"Iniciativa con Proyecto de Decreto por el que se reforman y ",2025-03-12,0.615,43,492,0,,,,,,,,no,,,En estudio,media
560,"Iniciativa de Decreto por la que se declara al sarape y a to",2025-03-12,0.942,43,493,1,directo,,2197,Comisión,2025-06-12,2025-06-12,2,no,,2025-06-26,Aprobada,alta
561,"Iniciativa con Proyecto de Decreto por el que se reforman di",2025-03-12,0.615,43,494,1,directo,,2442,Comisión,2025-12-01,2025-12-01,1,no,,2025-12-03,Aprobada,alta
562,"Iniciativa con Proyecto de Decreto por el que se realizan di",2025-03-12,0.623,43,495,0,,,,,,,,no,,,En estudio,media
563,"Iniciativa con Proyecto de Decreto por el que se reforme el ",2025-03-12,,,,,,,,,,,,,,,En estudio,sin_match
564,"Iniciativa con Proyecto de Decreto por el se reforma el artí",2025-03-12,,,,,,,,,,,,,,2026-03-04,Aprobada,sin_match
565,"Iniciativa con Proyecto de Decreto por el que se reforman y ",2025-03-12,0.709,43,498,1,directo,,2447,Comisión,2025-12-02,2025-12-02,2,no,,2025-12-03,Aprobada,alta
566,"Iniciativa con Proyecto de Decreto por el que se reforma el ",2025-03-12,0.685,43,499,1,expediente,123,2103,Comisión,2025-03-18,2025-03-18,1,no,,2025-03-26,Aprobada,alta
567,"Iniciativa con Proyecto de Decreto por el que se adiciona un",2025-03-12,0.668,43,500,0,,,,,,,,no,,,En estudio,media
568,"Iniciativa de Decreto por el que se reforman diversas dispos",2025-03-12,,,,,,,,,,,,,,2026-05-06,Aprobada,sin_match
569,"Iniciativa con Proyecto de Decreto por el que se adicionan l",2025-03-12,0.509,43,502,0,,,,,,,,no,,,En estudio,media
570,"Iniciativa con Proyecto de Decreto por el que se reforma el ",2025-03-12,0.588,43,503,0,,,,,,,,no,,,En estudio,media
571,"Iniciativa con Proyecto de Decreto por el que se reforman y ",2025-03-12,0.617,43,504,0,,,,,,,,no,,,En estudio,media
572,"Iniciativa con Proyecto de Decreto por el que se reforma la ",2025-03-12,,,,,,,,,,,,,,2025-06-26,Aprobada,sin_match
573,"Iniciativa con Proyecto de Decreto por el que se adiciona el",2025-03-12,0.500,43,506,0,,,,,,,,no,,,Precluida,media
574,"Iniciativa con Proyecto de Decreto por la que se adiciona un",2025-03-19,0.682,44,515,0,,,,,,,,no,,,En estudio,media
575,"Iniciativa con Proyecto de Decreto por el que se reforma el ",2025-03-19,0.661,44,516,1,directo,,2184,Comisión,2025-05-27,2025-05-27,2,no,,2025-06-26,Aprobada,alta
576,"Iniciativa de Decreto por el que se reforman y adicionan div",2025-03-19,0.500,44,517,0,,,,,,,,no,,,En estudio,media
577,"Iniciativa con Proyecto de Decreto por el que se reforman lo",2025-03-19,0.678,44,518,1,directo,,2189,Comisión,2025-06-05,2025-06-05,1,no,,,En estudio,alta
578,"Iniciativa con Proyecto de Decreto por el que se reforma el ",2025-03-19,0.558,44,519,1,expediente,134,2603,Comisión,2025-06-11,2025-05-12,2,no,,2026-03-04,Aprobada,baja
579,"Iniciativa con Proyecto de Decreto por el que se adiciona un",2025-03-19,0.683,44,520,1,directo,,3056,Comisión,2026-04-13,2026-04-13,1,no,,,En estudio,alta
580,"Iniciativa con Proyecto de Decreto por el que se reforman y ",2025-03-19,0.694,44,521,1,directo,,2178,Comisión,2025-05-12,2025-05-12,1,no,,2025-06-26,Aprobada,alta
581,"Iniciativa con Proyecto de Decreto por el que se reforman y ",2025-03-19,0.618,44,521,1,directo,,2178,Comisión,2025-05-12,2026-03-05,1,no,,,En estudio,baja
582,"Iniciativa con Proyecto de Decreto por el se expide la Ley d",2025-03-19,0.509,44,523,1,expediente,124,2346,Comisión,2025-10-30,2025-10-30,1,no,,2025-12-03,Aprobada,alta
583,"Iniciativa con Proyecto de Decreto por el que se reforma y a",2025-03-19,0.513,44,524,0,,,,,,,,no,,,En estudio,media
584,"Iniciativa con Proyecto de Decreto por el que se adiciona el",2025-03-19,0.682,44,525,0,,,,,,,,no,,,En estudio,media
585,"Iniciativa de Decreto por el que se reforman, adicionan y de",2025-03-26,0.784,45,538,2,directo,,2123,Comisión,2025-03-31,2025-03-31,1,no,,2026-04-09,Aprobada,alta
586,"Iniciativa de Decreto por el que se reforman diversas dispos",2025-03-26,0.562,45,539,2,directo,,2124,Comisión,2025-03-31,2025-03-31,1,no,,2026-04-09,Aprobada,alta
587,"Iniciativa de Decreto por el que se reforma la fracción XIV ",2025-03-26,0.640,45,540,0,,,,,,2025-03-28,,no,,,En estudio,media
588,"Iniciativa de Decreto por el que se reforman, adicionan y de",2025-03-26,0.768,45,541,2,directo,,3027,Comisión,2026-04-08,2026-04-08,1,no,,2026-04-22,Aprobada,alta
589,"Iniciativa de Decreto por el que se reforman y adicionan div",2025-03-26,0.573,45,542,0,,,,,,2025-04-08,,no,,2025-04-09,Aprobada,media
590,"Iniciativa de Decreto por el que se reforman diversas dispos",2025-03-26,0.560,45,543,0,,,,,,2025-04-01,,no,,2025-04-02,Aprobada,media
591,"Iniciativa con Proyecto de Decreto por la que se reforma el ",2025-03-26,0.539,45,545,0,,,,,,,,no,,,En estudio,media
592,"Iniciativa con Proyecto de Decreto por el cual se reforman d",2025-03-26,0.650,45,546,0,,,,,,,,no,,,En estudio,media
593,"Iniciativa con Proyecto de Decreto por el que se adiciona la",2025-03-26,0.670,45,547,0,,,,,,,,no,,,En estudio,media
594,"Iniciativa con Proyecto de Decreto que Expide la Ley de Nome",2025-03-26,0.632,45,548,0,,,,,,,,no,,,En estudio,media
595,"Iniciativa con Proyecto de Decreto por el que se adiciona la",2025-03-26,0.479,45,549,1,directo,,2302,Comisión,2025-10-13,2025-10-13,2,no,,2025-10-15,Aprobada,alta
596,"Iniciativa con Proyecto de Decreto por la que se reforman y ",2025-03-26,,,,,,,,,,,,,,,En estudio,sin_match
597,"Iniciativa con Proyecto de Decreto por el que se reforma el ",2025-03-26,0.595,45,551,0,,,,,,,,no,,,En estudio,media
598,"Iniciativa con Proyecto de Decreto por el que se reforman y ",2025-03-26,0.679,45,552,1,expediente,139,3185,Comisión,2026-04-30,2026-04-30,2,no,,,En estudio,alta
599,"Iniciativa que reforma el artículo segundo y el párrafo prim",2025-03-26,0.382,45,553,0,,,,,,,,no,,,En estudio,baja
600,"Iniciativa por la que se adiciona un párrafo quinto al artíc",2025-03-26,,,,,,,,,,,,,,2025-09-02,Aprobada,sin_match
601,"Iniciativa con Proyecto de Decreto por el que se reforman lo",2025-04-02,0.790,46,570,0,,,,,,,,no,,,En estudio,media
602,"Iniciativa de Decreto por la que se declara al juguete tradi",2025-04-02,0.744,46,571,1,directo,,3243,Comisión,2026-06-04,2026-06-04,2,no,,,En estudio,alta
603,"Iniciativa con proyecto de Decreto por el que se adiciona un",2025-04-02,0.643,46,572,0,,,,,,2025-08-14,,no,,2025-09-02,Aprobada,media
604,"Iniciativa con Proyecto de Decreto por la que se adiciona el",2025-04-02,0.535,46,573,0,,,,,,,,no,,,En estudio,media
605,"Iniciativa con Proyecto de Decreto por la que se reforma el ",2025-04-02,0.633,46,574,1,directo,,2309,Comisión,2025-10-15,2025-10-15,2,no,,2025-12-03,Aprobada,alta
606,"Iniciativa con Proyecto de Decreto, mediante la cual se adic",2025-04-02,0.635,46,575,0,,,,,,,,no,,,En estudio,media
607,"Iniciativa con Proyecto de Decreto por el que se reforman y ",2025-04-02,0.543,46,576,0,,,,,,,,no,,,En estudio,media
608,"Iniciativa con Proyecto de Decreto por el que se reforma el ",2025-04-02,0.604,46,577,1,directo,,2292,Comisión,2025-10-02,2025-10-02,1,no,,2025-10-29,Aprobada,alta
609,"Iniciativa con Proyecto de Decreto por el que se reforman y ",2025-04-02,0.501,46,578,1,expediente,140,2219,Comisión,2025-06-23,2025-06-05,2,no,,,En estudio,baja
610,"Iniciativa con proyecto de Decreto por el que se adicionan d",2025-04-02,0.569,46,579,0,,,,,,,,no,,,En estudio,media
611,"Iniciativa con Proyecto de Decreto por el que se reforman lo",2025-04-02,0.739,46,580,1,directo,,3012,Comisión,2026-03-26,2026-03-26,2,no,,2026-04-09,Aprobada,alta
612,"Iniciativa con Proyecto de Decreto por el que se deroga la f",2025-04-02,0.603,46,581,0,,,,,,,,no,,,En estudio,media
613,"Iniciativa de Decreto por el que se reforma la Ley de Derech",2025-04-02,0.440,46,582,0,,,,,,,,no,,,En estudio,baja
614,"Iniciativa con Proyecto de Decreto por el que se adiciona un",2025-04-02,0.499,46,583,1,expediente,128,3125,Comisión,2026-04-21,2026-04-21,2,no,,2026-04-22,Aprobada,alta
615,"Iniciativa Proyecto de Decreto por la que la LXII Legislatur",2025-04-02,0.678,46,584,0,,,,,,,,no,,,En estudio,media
616,"Iniciativa que adiciona una fracción XXI al artículo 7 y ref",2025-04-02,,,,,,,,,,,,,,,En estudio,sin_match
617,"Iniciativa que reforma el artículo 6.35 y se adiciona el CAP",2025-04-02,0.672,46,586,2,directo,,2328,Comisión,2025-10-21,2025-10-21,1,no,,2026-04-22,Aprobada,alta
618,"Iniciativa con Proyecto de Decreto por el que se reforman y ",2025-04-02,0.713,46,587,1,directo,,2366,Comisión,2025-11-10,2025-11-10,1,no,,2025-12-03,Aprobada,alta
619,"Iniciativa con Proyecto de Decreto por el que se adiciona la",2025-04-02,,,,,,,,,,,,,,2026-04-09,Aprobada,sin_match
620,"Iniciativa de Decreto por el que se reforman y adicionan div",2025-04-09,0.797,47,600,1,directo,,2153,Comisión,2025-04-29,2025-04-29,1,no,,2025-05-07,Aprobada,alta
621,"Iniciativa con Proyecto de Decreto por el que se reforman y ",2025-04-09,,,,,,,,,,,,,,,En estudio,sin_match
622,"Iniciativa con Proyecto de Decreto por el que se adiciona la",2025-04-09,0.645,47,602,1,directo,,2330,Comisión,2025-10-21,2025-10-21,1,no,,2025-11-12,Aprobada,alta
624,"Iniciativa con Proyecto de Decreto por el que se reforman lo",2025-04-09,0.633,47,604,0,,,,,,,,no,,,En estudio,media
625,"Iniciativa con Proyecto de Decreto por el cual se reforman y",2025-04-09,0.631,47,605,0,,,,,,,,no,,,En estudio,media
626,"Iniciativa con Proyecto de Decreto por el que se adicionan l",2025-04-09,0.748,47,606,0,,,,,,,,no,,,En estudio,media
627,"Iniciativa con Proyecto de Decreto por el que se reforman di",2025-04-09,,,,,,,,,,,,,,,En estudio,sin_match
628,"Iniciativa con Proyecto de Decreto por el que se reforman y ",2025-04-09,0.692,47,608,0,,,,,,,,no,,,En estudio,media
629,"Iniciativa con Proyecto de Decreto por el que se adiciona un",2025-04-09,0.548,47,609,0,,,,,,,,no,,,En estudio,media
630,"Iniciativa con Proyecto de Decreto que reforma y adiciona, l",2025-04-09,,,,,,,,,,,,,,,En estudio,sin_match
631,"Iniciativa de Decreto por la que se agrega un párrafo al inc",2025-04-09,0.465,47,611,0,,,,,,,,no,,,En estudio,baja
632,"Iniciativa con Proyecto de Decreto por el que se declara el ",2025-04-09,0.572,47,612,2,expediente,137,2352,Comisión,2025-11-04,2025-11-04,2,no,,2025-11-05,Aprobada,alta
633,"Iniciativa con Proyecto de Decreto por el que se abroga la L",2025-04-09,0.778,47,616,0,,,,,,,,no,,,En estudio,media
634,"Iniciativa de Decreto por el que se aprueba la renuncia de A",2025-04-23,0.760,48,623,0,,,,,,,,no,,2025-04-23,Aprobada,media
635,"Iniciativa de Decreto por la que se declara “al tapete” del ",2025-04-23,0.669,48,624,1,directo,,3244,Comisión,2026-06-04,2026-06-04,2,no,,,En estudio,alta
636,"Iniciativa con Proyecto de Decreto por el que se reforma el ",2025-04-23,0.520,48,625,2,expediente,140,2219,Comisión,2025-06-23,2025-05-12,2,no,,2025-06-26,Aprobada,baja
637,"Iniciativa con Proyecto de Decreto por el que se adicionan l",2025-04-23,0.400,48,626,0,,,,,,,,no,,,Precluida,baja
638,"Iniciativa con Proyecto de Decreto por el que se crea la Ley",2025-04-23,0.645,48,627,0,,,,,,,,no,,,En estudio,media
639,"Iniciativa con Proyecto de Decreto por el que se reforman la",2025-04-23,0.707,48,628,1,expediente,130,3122,Comisión,2026-04-21,2026-04-21,2,no,,2026-04-22,Aprobada,alta
640,"Iniciativa de Decreto por el que se reforman diversas dispos",2025-04-23,0.708,48,629,0,,,,,,,,no,,,En estudio,media
641,"Iniciativa con Proyecto de Decreto por el que se adiciona la",2025-04-23,0.631,48,630,0,,,,,,,,no,,,En estudio,media
642,"Iniciativa con Proyecto de Decreto por el que se reforman y ",2025-04-23,0.648,48,631,0,,,,,,,,no,,,En estudio,media
643,"Iniciativa con Proyecto de Decreto por el que se reforma y a",2025-04-23,,,,,,,,,,,,,,2025-06-26,Aprobada,sin_match
644,"Iniciativa con Proyecto de Decreto por el que se expide la L",2025-04-23,,,,,,,,,,,,,,,En estudio,sin_match
645,"Iniciativa con Proyecto de Decreto por el que se adiciona la",2025-04-23,,,,,,,,,,,,,,,Precluida,sin_match
646,"Iniciativa con Proyecto de Decreto por el que se reforman di",2025-04-23,0.523,48,638,1,expediente,140,2219,Comisión,2025-06-23,2025-06-05,2,no,,,En estudio,baja
648,"Cuenta Pública del Estado, correspondiente al Ejercicio Fisc",2025-04-30,0.704,49,646,1,directo,,2400,Comisión,2025-11-18,2025-11-18,2,no,,2025-11-19,Aprobada,alta
649,"Iniciativa con Proyecto de Decreto por el que se reforma el ",2025-04-30,0.650,49,649,0,,,,,,2025-05-20,,no,,2026-05-06,Aprobada,media
650,"Iniciativa con Proyecto de Decreto por el que se reforman y ",2025-04-30,0.816,49,650,0,,,,,,,,no,,,En estudio,media
651,"Iniciativa de Decreto por la que se reforman y derogan diver",2025-04-30,0.640,49,651,2,expediente,140,2219,Comisión,2025-06-23,2025-06-18,2,no,,2025-06-26,Aprobada,media
652,"Iniciativa con proyecto de Decreto por el que se derogan y a",2025-04-30,0.661,49,652,0,,,,,,,,no,,,En estudio,media
653,"Iniciativa de Decreto por la que se reforman y adicionan div",2025-04-30,0.612,49,653,0,,,,,,2025-05-12,,no,,2026-03-04,Aprobada,media
654,"Iniciativa con Proyecto de Decreto por el que se reforman lo",2025-04-30,0.560,49,654,2,directo,,2321,Comisión,2025-10-20,2025-10-20,1,no,,2026-03-18,Aprobada,alta
655,"Iniciativa con Proyecto de Decreto por la que se reforman y ",2025-04-30,0.564,49,655,0,,,,,,2025-06-05,,no,,,En estudio,media
656,"Iniciativa con Proyecto de Decreto por el que se reforma el ",2025-04-30,0.758,49,656,0,,,,,,,,no,,,En estudio,media
657,"Iniciativa con Proyecto de Decreto por el que se reforman y ",2025-04-30,,,,,,,,,,,,,,2025-11-19,Aprobada,sin_match
659,"Iniciativa con Proyecto de Decreto por la que se adiciona un",2025-04-30,0.829,49,659,1,directo,,2298,Comisión,2025-10-06,2025-10-06,1,no,,2025-10-15,Aprobada,alta
660,"Iniciativa con Proyecto de Decreto por la que se adiciona la",2025-04-30,0.885,49,660,3,expediente,133,2180,Comisión,2025-05-15,2025-05-15,2,no,,2025-06-26,Aprobada,alta
661,"Iniciativa con Proyecto de Decreto por el que se reforma la ",2025-04-30,0.563,49,661,0,,,,,,,,no,,,En estudio,media
662,"Iniciativa con Proyecto de Decreto por el que se adicionan l",2025-04-30,0.619,49,662,0,,,,,,,,no,,,En estudio,media
663,"Iniciativa con Proyecto de Decreto por la que se reforman la",2025-04-30,0.765,49,663,1,directo,,2395,Comisión,2025-11-18,2025-11-18,1,no,,2025-11-27,Aprobada,alta
664,"Iniciativa con Proyecto de Decreto por el que se reforman y ",2025-04-30,,,,,,,,,,,,,,,En estudio,sin_match
665,"Iniciativa de reforma con adición de la fracción I al artícu",2025-04-30,0.433,49,665,0,,,,,,,,no,,,En estudio,baja
666,"Iniciativa con Proyecto de Decreto por el que se adiciona un",2025-04-30,0.426,49,666,0,,,,,,,,no,,,En estudio,baja
667,"Iniciativa con Proyecto de Decreto por el que se adiciona la",2025-04-30,,,,,,,,,,,,,,,Precluida,sin_match
668,"Iniciativa con Proyecto de Decreto por el que se reforma el ",2025-05-07,0.490,50,684,0,,,,,,,,no,,,En estudio,baja
669,"Iniciativa con Proyecto de Decreto por la que se reforma la ",2025-05-07,0.537,50,685,0,,,,,,,,no,,,En estudio,media
670,"Iniciativa con Proyecto de Decreto por el que se reforman y ",2025-05-07,0.645,50,686,2,expediente,140,2219,Comisión,2025-06-23,2025-06-18,2,no,,2025-06-26,Aprobada,media
671,"Iniciativa con Proyecto de Decreto por el que se reforman y ",2025-05-07,0.607,50,687,0,,,,,,,,no,,,En estudio,media
672,"Iniciativa con Proyecto de Decreto por el que se reforma el ",2025-05-07,0.457,50,688,0,,,,,,2026-03-25,,no,,,En estudio,baja
673,"Iniciativa de Decreto por el que se reforman y adicionan div",2025-05-07,0.531,50,689,0,,,,,,2025-06-05,,no,,,En estudio,media
674,"Iniciativa con Proyecto de Decreto por el que se reforma el ",2025-05-07,0.421,50,690,0,,,,,,,,no,,,En estudio,baja
675,"Iniciativa con Proyecto de Decreto por el que se declara “Be",2025-05-07,0.834,50,691,0,,,,,,,,no,,,En estudio,media
676,"Iniciativa con Proyecto de Decreto por el que se reforma el ",2025-05-07,0.616,50,692,0,,,,,,,,no,,,En estudio,media
678,"Iniciativa con Proyecto de Decreto por el que se adicionan y",2025-05-07,0.695,50,694,0,,,,,,,,no,,,En estudio,media
679,"Iniciativa con Proyecto de reforma por el que se modifican l",2025-05-07,0.728,50,695,0,,,,,,,,no,,,En estudio,media
680,"Iniciativa con Proyecto de Decreto por el que se reforman y ",2025-05-07,0.446,50,696,0,,,,,,,,no,,,En estudio,baja
681,"Iniciativa por la que se adiciona la fracción IX bis al artí",2025-05-07,0.390,50,697,0,,,,,,,,no,,,En estudio,baja
682,"Iniciativa con Proyecto de Decreto por el que se adiciona la",2025-05-07,,,,,,,,,,,,,,,Precluida,sin_match
683,"Iniciativa de Decreto por el que se autoriza al H. Ayuntamie",2025-05-13,0.794,51,706,0,,,,,,,,no,,2025-05-13,Aprobada,media
684,"Iniciativa de Decreto por la que se expide la Ley de Unidade",2025-05-13,0.904,51,707,0,,,,,,,,no,,,En estudio,media
685,"Iniciativa de Decreto que abroga el diverso Número 218 de la",2025-06-12,0.908,54,718,0,,,,,,2025-06-18,,no,,2025-06-26,Aprobada,media
686,"Iniciativa por el que se reforman, adicionan y derogan diver",2025-06-12,0.612,54,719,0,,,,,,2025-06-18,,no,,2025-06-26,Aprobada,media
687,"Iniciativa con Proyecto de Decreto por el que se reforman lo",2025-06-12,0.736,54,720,0,,,,,,,,no,,,En estudio,media
689,"Iniciativa de Decreto por el que se expide la Ley para la Ap",2025-06-12,0.836,54,722,0,,,,,,,,no,,,En estudio,media
690,"Iniciativa con Proyecto de Decreto por el que se reforma el ",2025-06-12,,,,,,,,,,,,,,2026-05-06,Aprobada,sin_match
691,"Iniciativa con Proyecto de Decreto por el que se reforma el ",2025-06-12,0.548,54,724,0,,,,,,2025-10-20,,no,,2025-11-12,Aprobada,media
692,"Iniciativa de Decreto por el que se adicionan diversas dispo",2025-06-23,0.706,55,729,0,,,,,,2025-08-14,,no,,2025-09-02,Aprobada,media
693,"Solicitud de licencia formulada por la Magistrada María Ledi",2025-06-23,0.936,55,731,0,,,,,,,,no,,2025-06-23,Aprobada,media
694,"Iniciativa de Decreto por el que se convoca a la “LXII” Legi",2025-06-23,0.665,55,732,0,,,,,,,,no,,2025-06-23,Aprobada,media
695,"Iniciativa con Proyecto de Decreto por el que se abroga la L",2025-06-26,0.673,56,743,0,,,,,,,,no,,2025-06-26,Aprobada,media
696,"Iniciativa con Proyecto de Decreto por el que se autoriza al",2025-06-26,0.808,56,744,0,,,,,,,,no,,2025-06-26,Aprobada,media
698,"Iniciativa con Proyecto de Decreto para que se inscriba en u",2025-07-02,0.821,60,762,0,,,,,,,,no,,2025-07-02,Aprobada,media
699,"Iniciativa con Proyecto de Decreto por el que se reforman y ",2025-07-02,0.594,60,763,0,,,,,,,,no,,,En estudio,media
700,"Iniciativa de Decreto por el que se autoriza al Poder Ejecut",2025-08-05,,,,,,,,,,,,,,2025-08-08,Aprobada,sin_match
701,"Iniciativa de Decreto por el que se autoriza al Poder Ejecut",2025-08-05,,,,,,,,,,,,,,2025-08-08,Aprobada,sin_match
702,"Iniciativa de Decreto por el que se declara el día 6 de cada",2025-08-05,0.463,61,770,0,,,,,,2025-08-21,,no,,2025-09-10,Aprobada,baja
703,"Iniciativa con Proyecto de Decreto por el que se adicionan d",2025-08-05,0.512,61,771,0,,,,,,2026-04-08,,no,,2026-04-22,Aprobada,media
704,"Iniciativa con Proyecto de Decreto por la que se reforma las",2025-08-05,0.370,61,772,0,,,,,,,,no,,,En estudio,baja
705,"Iniciativa con Proyecto de Decreto por el que se adiciona la",2025-08-05,0.527,61,773,0,,,,,,,,no,,,En estudio,media
706,"Iniciativa con Proyecto de Decreto por el que se reforman el",2025-08-05,0.711,61,774,0,,,,,,2026-04-08,,no,,2026-04-09,Aprobada,media
707,"Iniciativa con Proyecto de Decreto que reforma diversas disp",2025-08-05,0.502,61,775,0,,,,,,,,no,,,En estudio,media
708,"Iniciativa de Decreto por el que se convoca a la “LXII” Legi",2025-08-05,0.745,61,777,0,,,,,,,,no,,2025-08-05,Aprobada,media
709,"Iniciativa de Decreto por el que se autoriza la desincorpora",2025-08-13,,,,,,,,,,,,,,2025-09-02,Aprobada,sin_match
710,"Iniciativa de Decreto por el que se autoriza la desincorpora",2025-08-13,,,,,,,,,,,,,,2025-09-02,Aprobada,sin_match
711,"Iniciativa de Decreto por el que se autoriza la desincorpora",2025-08-13,,,,,,,,,,,,,,2025-09-02,Aprobada,sin_match
712,"Iniciativa de Decreto por el que se autoriza la desincorpora",2025-08-13,,,,,,,,,,,,,,2025-09-02,Aprobada,sin_match
713,"Iniciativa de Decreto por el que se autoriza la desincorpora",2025-08-13,,,,,,,,,,,,,,2025-09-02,Aprobada,sin_match
714,"Iniciativa de Decreto por el que se autoriza la desincorpora",2025-08-13,,,,,,,,,,,,,,2025-09-02,Aprobada,sin_match
715,"Iniciativa de Decreto por el que se autoriza la desincorpora",2025-08-13,,,,,,,,,,,,,,2025-09-02,Aprobada,sin_match
716,"Iniciativa de Decreto por el que se autoriza la desincorpora",2025-08-13,,,,,,,,,,,,,,2025-09-02,Aprobada,sin_match
717,"Iniciativa de Decreto por el que se autoriza la desincorpora",2025-08-13,,,,,,,,,,,,,,2025-09-02,Aprobada,sin_match
718,"Iniciativa de Decreto por el que se autoriza la desincorpora",2025-08-13,,,,,,,,,,,,,,2025-09-02,Aprobada,sin_match
719,"Iniciativa de Decreto por el que se autoriza la desincorpora",2025-08-13,,,,,,,,,,,,,,2025-09-02,Aprobada,sin_match
720,"Iniciativa de Decreto por el que se autoriza la desincorpora",2025-08-13,,,,,,,,,,,,,,2025-09-02,Aprobada,sin_match
721,"Iniciativa de Decreto por el que se autoriza la desincorpora",2025-08-13,,,,,,,,,,,,,,2025-09-02,Aprobada,sin_match
722,"Iniciativa de Decreto por el que se autoriza la desincorpora",2025-08-13,,,,,,,,,,,,,,2025-09-02,Aprobada,sin_match
723,"Iniciativa de Decreto por el que se autoriza la desincorpora",2025-08-13,,,,,,,,,,,,,,2025-09-02,Aprobada,sin_match
724,"Iniciativa de Decreto por el que se autoriza la desincorpora",2025-08-13,,,,,,,,,,,,,,2025-09-02,Aprobada,sin_match
725,"Iniciativa de Decreto por el que se autoriza la desincorpora",2025-08-13,,,,,,,,,,,,,,2025-09-02,Aprobada,sin_match
726,"Iniciativa de Decreto por el que se autoriza la desincorpora",2025-08-13,,,,,,,,,,,,,,2025-09-02,Aprobada,sin_match
727,"Iniciativa de Decreto por el que se autoriza la desincorpora",2025-08-13,,,,,,,,,,,,,,2025-09-02,Aprobada,sin_match
728,"Iniciativa de Decreto por el que se autoriza la desincorpora",2025-08-13,,,,,,,,,,,,,,2025-09-02,Aprobada,sin_match
729,"Iniciativa de Decreto por el que se autoriza la desincorpora",2025-08-13,,,,,,,,,,,,,,2025-09-02,Aprobada,sin_match
730,"Iniciativa de Decreto por el que se autoriza la desincorpora",2025-08-13,,,,,,,,,,,,,,2025-09-02,Aprobada,sin_match
731,"Iniciativa de Decreto por el que se autoriza la desincorpora",2025-08-13,,,,,,,,,,,,,,2025-09-02,Aprobada,sin_match
732,"Iniciativa de Decreto por el que se autoriza la desincorpora",2025-08-13,,,,,,,,,,,,,,2025-09-02,Aprobada,sin_match
733,"Iniciativa de Decreto por el que se autoriza la desincorpora",2025-08-13,,,,,,,,,,,,,,2025-09-02,Aprobada,sin_match
734,"Iniciativa de Decreto por el que se autoriza la desincorpora",2025-08-13,,,,,,,,,,,,,,2025-09-02,Aprobada,sin_match
735,"Iniciativa de Decreto por el que se autoriza la desincorpora",2025-08-13,,,,,,,,,,,,,,2025-09-02,Aprobada,sin_match
736,"Iniciativa de Decreto por el que se autoriza la desincorpora",2025-08-13,,,,,,,,,,,,,,2025-09-02,Aprobada,sin_match
737,"Iniciativa de Decreto por el que se autoriza la desincorpora",2025-08-13,,,,,,,,,,,,,,2025-09-02,Aprobada,sin_match
738,"Iniciativa de Decreto por el que se designa a la persona Enc",2025-08-27,0.654,67,830,0,,,,,,,,no,,2025-08-27,Aprobada,media
739,"Iniciativa de Decreto por el que se abroga el Decreto número",2025-08-27,0.874,67,831,0,,,,,,2025-09-11,,no,,2025-09-24,Aprobada,media
740,"Iniciativa de Decreto por el que se autoriza al H. Ayuntamie",2025-08-27,0.904,67,832,0,,,,,,2025-11-11,,no,,2025-11-12,Aprobada,media
741,"Iniciativa de Decreto por el que se autoriza la desincorpora",2025-08-27,0.933,67,833,0,,,,,,2025-09-02,,no,,2025-09-02,Aprobada,media
742,"Iniciativa de Decreto por el que se expide la Ley Orgánica d",2025-08-27,0.569,67,834,0,,,,,,2025-08-29,,no,,2025-09-02,Aprobada,media
743,"Iniciativa con Proyecto de Decreto por el que se adiciona la",2025-08-27,0.597,67,835,0,,,,,,2026-06-09,,no,,,En estudio,media
744,"Iniciativa con Proyecto de Decreto por el cual se adiciona e",2025-08-27,0.561,67,836,0,,,,,,2025-09-23,,no,,2025-10-22,Aprobada,media
745,"Iniciativa con Proyecto de Decreto por el que se adiciona el",2025-08-27,0.674,67,837,0,,,,,,2025-10-02,,no,,2025-11-05,Aprobada,media
746,"Iniciativa con Proyecto de Decreto por la que se adiciona la",2025-08-27,0.535,67,838,0,,,,,,,,no,,,En estudio,media
747,"Iniciativa de reforma con adición de la fracción I al artícu",2025-08-27,0.522,67,839,0,,,,,,,,no,,,En estudio,media
748,"Iniciativa de Decreto por el que se convoca a la “LXII” Legi",2025-08-27,0.748,67,842,0,,,,,,,,no,,2025-08-27,Aprobada,media
749,"Iniciativa con propuesta y Proyecto de Decreto en relación c",2025-09-05,0.610,72,870,0,,,,,,,,no,,2025-09-05,Aprobada,media
750,"Iniciativa con Proyecto de Decreto por el que se adiciona la",2025-09-10,0.517,75,880,2,directo,,2289,Comisión,2025-09-30,2025-09-30,1,no,,2025-11-27,Aprobada,alta
751,"Iniciativa con Proyecto de Decreto por la que se expide la L",2025-09-10,0.592,75,881,1,expediente,124,2346,Comisión,2025-10-30,2025-10-30,1,no,,2025-12-03,Aprobada,alta
752,"Iniciativa por la que se autoriza la develación de una Placa",2025-09-10,,,,,,,,,,,,,,2025-09-10,Aprobada,sin_match
753,"Iniciativa con Proyecto de Decreto por el que se adiciona un",2025-09-10,0.537,75,883,1,directo,,2655,Comisión,2026-03-10,2026-03-10,1,no,,2026-03-18,Aprobada,alta
754,"Iniciativa con Proyecto de Decreto por el que se expide la L",2025-09-10,0.693,75,884,0,,,,,,,,no,,,En estudio,media
755,"Iniciativa con Proyecto de Decreto por el por el que se refo",2025-09-10,0.744,75,885,1,directo,,2324,Comisión,2025-10-20,2025-10-20,1,no,,,En estudio,alta
756,"Iniciativa con Proyecto de Decreto por el que se adicionan d",2025-09-10,0.543,75,886,0,,,,,,,,no,,,En estudio,media
757,"Iniciativa con Proyecto de Decreto por la que se reforman y ",2025-09-10,0.673,75,887,0,,,,,,,,no,,,En estudio,media
758,"Iniciativa con Proyecto de Decreto mediante la cual se refor",2025-09-10,0.645,75,888,0,,,,,,2026-04-14,,no,,,En estudio,media
759,"Iniciativa con Proyecto de Decreto por el que se adiciona un",2025-09-10,0.462,75,889,0,,,,,,2025-10-16,,no,,2025-10-29,Aprobada,baja
760,"Iniciativa con Proyecto de Decreto por el que se adicionan l",2025-09-10,0.641,75,890,1,directo,,2305,Comisión,2025-10-14,2025-10-14,1,no,,2025-12-03,Aprobada,alta
761,"Iniciativa con Proyecto de Decreto por el que se reforman y ",2025-09-10,0.565,75,891,0,,,,,,,,no,,,En estudio,media
762,"Iniciativa con Proyecto de Decreto que deroga las fracciones",2025-09-10,0.473,75,892,1,directo,,2358,Comisión,2025-11-06,2025-11-06,1,no,,,En estudio,alta
763,"Iniciativa con Proyecto de Decreto por el que se reforman y ",2025-09-10,0.716,75,893,0,,,,,,,,no,,,Precluida,media
765,"Iniciativa con Proyecto de Decreto por el que se designa a l",2025-09-24,0.694,77,911,0,,,,,,,,no,,2025-09-24,Aprobada,media
766,"Iniciativa de Decreto por el que se autoriza la desincorpora",2025-09-24,0.814,77,914,18,expediente,141,2310,Comisión,2025-10-15,2025-10-15,2,no,,2025-10-15,Aprobada,alta
767,"Iniciativa de Decreto por el que se autoriza la desincorpora",2025-09-24,0.814,77,914,18,expediente,141,2310,Comisión,2025-10-15,2025-10-15,2,no,,2025-10-15,Aprobada,alta
768,"Iniciativa de Decreto por el que se autoriza la desincorpora",2025-09-24,0.814,77,914,18,expediente,141,2310,Comisión,2025-10-15,2025-10-15,2,no,,2025-10-15,Aprobada,alta
769,"Iniciativa de Decreto por el que se autoriza la desincorpora",2025-09-24,0.814,77,914,18,expediente,141,2310,Comisión,2025-10-15,2025-10-15,2,no,,2025-10-15,Aprobada,alta
770,"Iniciativa de Decreto por el que se autoriza la desincorpora",2025-09-24,0.826,77,914,18,expediente,141,2310,Comisión,2025-10-15,2025-10-15,2,no,,2025-10-15,Aprobada,alta
771,"Iniciativa de Decreto por el que se autoriza la desincorpora",2025-09-24,0.826,77,914,18,expediente,141,2310,Comisión,2025-10-15,2025-10-15,2,no,,2025-10-15,Aprobada,alta
772,"Iniciativa de Decreto por el que se autoriza la desincorpora",2025-09-24,0.826,77,914,18,expediente,141,2310,Comisión,2025-10-15,2025-10-15,2,no,,2025-10-15,Aprobada,alta
773,"Iniciativa de Decreto por el que se autoriza la desincorpora",2025-09-24,0.826,77,914,18,expediente,141,2310,Comisión,2025-10-15,2025-10-15,2,no,,2025-10-15,Aprobada,alta
774,"Iniciativa de Decreto por el que se autoriza la desincorpora",2025-09-24,0.826,77,914,18,expediente,141,2310,Comisión,2025-10-15,2025-10-15,2,no,,2025-10-15,Aprobada,alta
775,"Iniciativa de Decreto por el que se reforman y adicionan div",2025-09-24,0.642,77,915,1,directo,,2297,Comisión,2025-10-06,2025-10-06,1,no,,2025-10-15,Aprobada,alta
776,"Solicitud de Diferendos Limítrofes Intermunicipales presenta",2025-09-24,0.653,77,916,0,,,,,,,,no,,,En estudio,media
778,"Iniciativa con Proyecto de Decreto por el que se reforma el ",2025-09-24,0.735,77,917,1,directo,,3118,Comisión,2026-04-16,2026-04-16,1,no,,,En estudio,alta
779,"Iniciativa con Proyecto de Decreto por el que se reforman la",2025-09-24,0.732,77,918,0,,,,,,,,no,,,En estudio,media
781,"Iniciativa con Proyecto de Decreto por el que se reforman la",2025-09-24,0.651,77,920,0,,,,,,,,no,,,En estudio,media
782,"Iniciativa con Proyecto de Decreto por el que se adicionan u",2025-09-24,1.000,77,921,1,expediente,132,3027,Comisión,2026-04-08,2026-04-08,2,no,,2026-04-09,Aprobada,alta
783,"Iniciativa con Proyecto de Decreto, mediante la cual se adic",2025-09-24,0.810,77,922,0,,,,,,,,no,,,En estudio,media
784,"Iniciativa con Proyecto de Decreto por el que se reforman y ",2025-09-24,,,,,,,,,,,,,,,En estudio,sin_match
785,"Iniciativa con Proyecto de Decreto por la que se reforma el ",2025-09-24,0.518,77,924,0,,,,,,,,no,,,En estudio,media
786,"Iniciativa de Decreto por el que se reforman diversas dispos",2025-09-24,,,,,,,,,,,,,,,En estudio,sin_match
787,"Iniciativa con Proyecto de Decreto por el que se expide la L",2025-09-24,0.494,77,926,0,,,,,,,,no,,,En estudio,baja
788,"Iniciativa con Proyecto de Decreto por el que se adicionan d",2025-09-24,0.476,77,927,0,,,,,,,,no,,,En estudio,baja
789,"Iniciativa con Proyecto de Decreto que adiciona el Capítulo ",2025-09-24,0.421,77,928,0,,,,,,2026-04-21,,no,,2026-04-22,Aprobada,baja
790,"Iniciativa que reforma el segundo párrafo del artículo 67 y ",2025-09-24,0.714,77,929,0,,,,,,,,no,,,En estudio,media
791,"Iniciativa con Proyecto de Decreto por el que se adicionan l",2025-09-24,0.737,77,930,0,,,,,,,,no,,,Precluida,media
792,"Iniciativa para que el dulce típico de Alfeñique de Toluca s",2025-10-01,0.838,78,945,1,directo,,2300,Comisión,2025-10-13,2025-10-13,2,no,,2025-10-15,Aprobada,alta
793,"Iniciativa a través de la cual el Congreso del Estado de Méx",2025-10-01,0.851,78,946,0,,,,,,,,no,,,En estudio,media
794,"Iniciativa de Decreto por el cual se reforman y adicionan di",2025-10-01,0.610,78,947,0,,,,,,,,no,,,En estudio,media
795,"Iniciativa con Proyecto de Decreto por el que se adiciona el",2025-10-01,0.617,78,948,0,,,,,,,,no,,,En estudio,media
796,"Iniciativa con Proyecto de Decreto por el que se reforma el ",2025-10-01,0.758,78,949,3,directo,,1718,Comisión,2026-02-24,2026-02-24,1,no,,2026-03-11,Aprobada,alta
797,"Iniciativa “Mariana Lima Buendía” con Proyecto de Decreto po",2025-10-01,0.617,78,950,1,directo,,3159,Comisión,2026-04-23,2026-04-23,1,no,,,En estudio,alta
798,"Iniciativa con Proyecto de Decreto por el que se reforman y ",2025-10-01,0.556,78,951,1,directo,,2304,Comisión,2025-10-14,2025-10-14,1,no,,2025-12-03,Aprobada,alta
799,"Iniciativa con Proyecto de Decreto que reforma diversos artí",2025-10-01,0.813,78,952,0,,,,,,,,no,,,En estudio,media
800,"Iniciativa con Proyecto de Decreto por la que se adiciona la",2025-10-01,0.502,78,953,0,,,,,,2026-04-21,,no,,2026-04-22,Aprobada,media
801,"Iniciativa con Proyecto de Decreto por la que se adiciona el",2025-10-01,0.551,78,954,1,expediente,132,3027,Comisión,2026-04-08,2026-04-08,2,no,,2026-04-09,Aprobada,alta
802,"Iniciativa con Proyecto de Decreto por el que se reforman la",2025-10-01,0.678,78,955,0,,,,,,,,no,,,En estudio,media
803,"Iniciativa con Proyecto de Decreto por el que se reforman y ",2025-10-01,0.632,78,956,0,,,,,,,,no,,,En estudio,media
804,"Iniciativa con Proyecto de Decreto por el que se reforma la ",2025-10-01,0.576,78,957,0,,,,,,,,no,,,En estudio,media
805,"Iniciativa con Proyecto de Decreto por la que se reforma el ",2025-10-01,,,,,,,,,,,,,,,En estudio,sin_match
806,"Iniciativa con Proyecto de Decreto por el que se reforma el ",2025-10-01,,,,,,,,,,,,,,,En estudio,sin_match
807,"Tablas de Valores Unitarios de Suelo y Construcciones para e",2025-10-15,0.595,82,977,375,expediente,125,2360,Comisión,2025-11-06,2025-11-06,1,no,,2025-11-12,Aprobada,alta
808,"Tablas de Valores Unitarios de Suelo y Construcciones para e",2025-10-15,0.595,82,977,375,expediente,125,2360,Comisión,2025-11-06,2025-11-06,1,no,,2025-11-12,Aprobada,alta
809,"Tablas de Valores Unitarios de Suelo y Construcciones para e",2025-10-15,0.595,82,977,375,expediente,125,2360,Comisión,2025-11-06,2025-11-06,1,no,,2025-11-12,Aprobada,alta
810,"Tablas de Valores Unitarios de Suelo y Construcciones para e",2025-10-15,0.595,82,977,375,expediente,125,2360,Comisión,2025-11-06,2025-11-06,1,no,,2025-11-12,Aprobada,alta
811,"Tablas de Valores Unitarios de Suelo y Construcciones para e",2025-10-15,0.595,82,977,375,expediente,125,2360,Comisión,2025-11-06,2025-11-06,1,no,,2025-11-12,Aprobada,alta
812,"Tablas de Valores Unitarios de Suelo y Construcciones para e",2025-10-15,0.595,82,977,375,expediente,125,2360,Comisión,2025-11-06,2025-11-06,1,no,,2025-11-12,Aprobada,alta
813,"Tablas de Valores Unitarios de Suelo y Construcciones para e",2025-10-15,0.595,82,977,375,expediente,125,2360,Comisión,2025-11-06,2025-11-06,1,no,,2025-11-12,Aprobada,alta
814,"Tablas de Valores Unitarios de Suelo y Construcciones para e",2025-10-15,0.595,82,977,375,expediente,125,2360,Comisión,2025-11-06,2025-11-06,1,no,,2025-11-12,Aprobada,alta
815,"Tablas de Valores Unitarios de Suelo y Construcciones para e",2025-10-15,0.595,82,977,375,expediente,125,2360,Comisión,2025-11-06,2025-11-06,1,no,,2025-11-12,Aprobada,alta
816,"Tablas de Valores Unitarios de Suelo y Construcciones para e",2025-10-15,0.595,82,977,375,expediente,125,2360,Comisión,2025-11-06,2025-11-06,1,no,,2025-11-12,Aprobada,alta
817,"Tablas de Valores Unitarios de Suelo y Construcciones para e",2025-10-15,0.595,82,977,375,expediente,125,2360,Comisión,2025-11-06,2025-11-06,1,no,,2025-11-12,Aprobada,alta
818,"Tablas de Valores Unitarios de Suelo y Construcciones para e",2025-10-15,0.595,82,977,375,expediente,125,2360,Comisión,2025-11-06,2025-11-06,1,no,,2025-11-12,Aprobada,alta
819,"Tablas de Valores Unitarios de Suelo y Construcciones para e",2025-10-15,0.595,82,977,375,expediente,125,2360,Comisión,2025-11-06,2025-11-06,1,no,,2025-11-12,Aprobada,alta
820,"Tablas de Valores Unitarios de Suelo y Construcciones para e",2025-10-15,0.595,82,977,375,expediente,125,2360,Comisión,2025-11-06,2025-11-06,1,no,,2025-11-12,Aprobada,alta
821,"Tablas de Valores Unitarios de Suelo y Construcciones para e",2025-10-15,0.595,82,977,375,expediente,125,2360,Comisión,2025-11-06,2025-11-06,1,no,,2025-11-12,Aprobada,alta
822,"Tablas de Valores Unitarios de Suelo y Construcciones para e",2025-10-15,0.595,82,977,375,expediente,125,2360,Comisión,2025-11-06,2025-11-06,1,no,,2025-11-12,Aprobada,alta
823,"Tablas de Valores Unitarios de Suelo y Construcciones para e",2025-10-15,0.595,82,977,375,expediente,125,2360,Comisión,2025-11-06,2025-11-06,1,no,,2025-11-12,Aprobada,alta
824,"Tablas de Valores Unitarios de Suelo y Construcciones para e",2025-10-15,0.595,82,977,375,expediente,125,2360,Comisión,2025-11-06,2025-11-06,1,no,,2025-11-12,Aprobada,alta
825,"Tablas de Valores Unitarios de Suelo y Construcciones para e",2025-10-15,0.595,82,977,375,expediente,125,2360,Comisión,2025-11-06,2025-11-06,1,no,,2025-11-12,Aprobada,alta
826,"Tablas de Valores Unitarios de Suelo y Construcciones para e",2025-10-15,0.595,82,977,375,expediente,125,2360,Comisión,2025-11-06,2025-11-06,1,no,,2025-11-12,Aprobada,alta
827,"Tablas de Valores Unitarios de Suelo y Construcciones para e",2025-10-15,0.595,82,977,375,expediente,125,2360,Comisión,2025-11-06,2025-11-06,1,no,,2025-11-12,Aprobada,alta
828,"Tablas de Valores Unitarios de Suelo y Construcciones para e",2025-10-15,0.595,82,977,375,expediente,125,2360,Comisión,2025-11-06,2025-11-06,1,no,,2025-11-12,Aprobada,alta
829,"Tablas de Valores Unitarios de Suelo y Construcciones para e",2025-10-15,0.595,82,977,375,expediente,125,2360,Comisión,2025-11-06,2025-11-06,1,no,,2025-11-12,Aprobada,alta
830,"Tablas de Valores Unitarios de Suelo y Construcciones para e",2025-10-15,0.595,82,977,375,expediente,125,2360,Comisión,2025-11-06,2025-11-06,1,no,,2025-11-12,Aprobada,alta
831,"Tablas de Valores Unitarios de Suelo y Construcciones para e",2025-10-15,0.595,82,977,375,expediente,125,2360,Comisión,2025-11-06,2025-11-06,1,no,,2025-11-12,Aprobada,alta
832,"Tablas de Valores Unitarios de Suelo y Construcciones para e",2025-10-15,0.595,82,977,375,expediente,125,2360,Comisión,2025-11-06,2025-11-06,1,no,,2025-11-12,Aprobada,alta
833,"Tablas de Valores Unitarios de Suelo y Construcciones para e",2025-10-15,0.595,82,977,375,expediente,125,2360,Comisión,2025-11-06,2025-11-06,1,no,,2025-11-12,Aprobada,alta
834,"Tablas de Valores Unitarios de Suelo y Construcciones para e",2025-10-15,0.595,82,977,375,expediente,125,2360,Comisión,2025-11-06,2025-11-06,1,no,,2025-11-12,Aprobada,alta
835,"Tablas de Valores Unitarios de Suelo y Construcciones para e",2025-10-15,0.595,82,977,375,expediente,125,2360,Comisión,2025-11-06,2025-11-06,1,no,,2025-11-12,Aprobada,alta
836,"Tablas de Valores Unitarios de Suelo y Construcciones para e",2025-10-15,0.595,82,977,375,expediente,125,2360,Comisión,2025-11-06,2025-11-06,1,no,,2025-11-12,Aprobada,alta
837,"Tablas de Valores Unitarios de Suelo y Construcciones para e",2025-10-15,0.595,82,977,375,expediente,125,2360,Comisión,2025-11-06,2025-11-06,1,no,,2025-11-12,Aprobada,alta
838,"Tablas de Valores Unitarios de Suelo y Construcciones para e",2025-10-15,0.595,82,977,375,expediente,125,2360,Comisión,2025-11-06,2025-11-06,1,no,,2025-11-12,Aprobada,alta
839,"Tablas de Valores Unitarios de Suelo y Construcciones para e",2025-10-15,0.595,82,977,375,expediente,125,2360,Comisión,2025-11-06,2025-11-06,1,no,,2025-11-12,Aprobada,alta
840,"Tablas de Valores Unitarios de Suelo y Construcciones para e",2025-10-15,0.595,82,977,375,expediente,125,2360,Comisión,2025-11-06,2025-11-06,1,no,,2025-11-12,Aprobada,alta
841,"Tablas de Valores Unitarios de Suelo y Construcciones para e",2025-10-15,0.595,82,977,375,expediente,125,2360,Comisión,2025-11-06,2025-11-06,1,no,,2025-11-12,Aprobada,alta
842,"Tablas de Valores Unitarios de Suelo y Construcciones para e",2025-10-15,0.595,82,977,375,expediente,125,2360,Comisión,2025-11-06,2025-11-06,1,no,,2025-11-12,Aprobada,alta
843,"Tablas de Valores Unitarios de Suelo y Construcciones para e",2025-10-15,0.595,82,977,375,expediente,125,2360,Comisión,2025-11-06,2025-11-06,1,no,,2025-11-12,Aprobada,alta
844,"Tablas de Valores Unitarios de Suelo y Construcciones para e",2025-10-15,0.595,82,977,375,expediente,125,2360,Comisión,2025-11-06,2025-11-06,1,no,,2025-11-12,Aprobada,alta
845,"Tablas de Valores Unitarios de Suelo y Construcciones para e",2025-10-15,0.595,82,977,375,expediente,125,2360,Comisión,2025-11-06,2025-11-06,1,no,,2025-11-12,Aprobada,alta
846,"Tablas de Valores Unitarios de Suelo y Construcciones para e",2025-10-15,0.595,82,977,375,expediente,125,2360,Comisión,2025-11-06,2025-11-06,1,no,,2025-11-12,Aprobada,alta
847,"Tablas de Valores Unitarios de Suelo y Construcciones para e",2025-10-15,0.595,82,977,375,expediente,125,2360,Comisión,2025-11-06,2025-11-06,1,no,,2025-11-12,Aprobada,alta
848,"Tablas de Valores Unitarios de Suelo y Construcciones para e",2025-10-15,0.595,82,977,375,expediente,125,2360,Comisión,2025-11-06,2025-11-06,1,no,,2025-11-12,Aprobada,alta
849,"Tablas de Valores Unitarios de Suelo y Construcciones para e",2025-10-15,0.595,82,977,375,expediente,125,2360,Comisión,2025-11-06,2025-11-06,1,no,,2025-11-12,Aprobada,alta
850,"Tablas de Valores Unitarios de Suelo y Construcciones para e",2025-10-15,0.595,82,977,375,expediente,125,2360,Comisión,2025-11-06,2025-11-06,1,no,,2025-11-12,Aprobada,alta
851,"Tablas de Valores Unitarios de Suelo y Construcciones para e",2025-10-15,0.595,82,977,375,expediente,125,2360,Comisión,2025-11-06,2025-11-06,1,no,,2025-11-12,Aprobada,alta
852,"Tablas de Valores Unitarios de Suelo y Construcciones para e",2025-10-15,0.595,82,977,375,expediente,125,2360,Comisión,2025-11-06,2025-11-06,1,no,,2025-11-12,Aprobada,alta
853,"Tablas de Valores Unitarios de Suelo y Construcciones para e",2025-10-15,0.595,82,977,375,expediente,125,2360,Comisión,2025-11-06,2025-11-06,1,no,,2025-11-12,Aprobada,alta
854,"Tablas de Valores Unitarios de Suelo y Construcciones para e",2025-10-15,0.595,82,977,375,expediente,125,2360,Comisión,2025-11-06,2025-11-06,1,no,,2025-11-12,Aprobada,alta
855,"Tablas de Valores Unitarios de Suelo y Construcciones para e",2025-10-15,0.595,82,977,375,expediente,125,2360,Comisión,2025-11-06,2025-11-06,1,no,,2025-11-12,Aprobada,alta
856,"Tablas de Valores Unitarios de Suelo y Construcciones para e",2025-10-15,0.595,82,977,375,expediente,125,2360,Comisión,2025-11-06,2025-11-06,1,no,,2025-11-12,Aprobada,alta
857,"Tablas de Valores Unitarios de Suelo y Construcciones para e",2025-10-15,0.595,82,977,375,expediente,125,2360,Comisión,2025-11-06,2025-11-06,1,no,,2025-11-12,Aprobada,alta
858,"Tablas de Valores Unitarios de Suelo y Construcciones para e",2025-10-15,0.595,82,977,375,expediente,125,2360,Comisión,2025-11-06,2025-11-06,1,no,,2025-11-12,Aprobada,alta
859,"Tablas de Valores Unitarios de Suelo y Construcciones para e",2025-10-15,0.595,82,977,375,expediente,125,2360,Comisión,2025-11-06,2025-11-06,1,no,,2025-11-12,Aprobada,alta
860,"Tablas de Valores Unitarios de Suelo y Construcciones para e",2025-10-15,0.595,82,977,375,expediente,125,2360,Comisión,2025-11-06,2025-11-06,1,no,,2025-11-12,Aprobada,alta
861,"Tablas de Valores Unitarios de Suelo y Construcciones para e",2025-10-15,0.595,82,977,375,expediente,125,2360,Comisión,2025-11-06,2025-11-06,1,no,,2025-11-12,Aprobada,alta
862,"Tablas de Valores Unitarios de Suelo y Construcciones para e",2025-10-15,0.595,82,977,375,expediente,125,2360,Comisión,2025-11-06,2025-11-06,1,no,,2025-11-12,Aprobada,alta
863,"Tablas de Valores Unitarios de Suelo y Construcciones para e",2025-10-15,0.595,82,977,375,expediente,125,2360,Comisión,2025-11-06,2025-11-06,1,no,,2025-11-12,Aprobada,alta
864,"Tablas de Valores Unitarios de Suelo y Construcciones para e",2025-10-15,0.595,82,977,375,expediente,125,2360,Comisión,2025-11-06,2025-11-06,1,no,,2025-11-12,Aprobada,alta
865,"Tablas de Valores Unitarios de Suelo y Construcciones para e",2025-10-15,0.595,82,977,375,expediente,125,2360,Comisión,2025-11-06,2025-11-06,1,no,,2025-11-12,Aprobada,alta
866,"Tablas de Valores Unitarios de Suelo y Construcciones para e",2025-10-15,0.595,82,977,375,expediente,125,2360,Comisión,2025-11-06,2025-11-06,1,no,,2025-11-12,Aprobada,alta
867,"Tablas de Valores Unitarios de Suelo y Construcciones para e",2025-10-15,0.595,82,977,375,expediente,125,2360,Comisión,2025-11-06,2025-11-06,1,no,,2025-11-12,Aprobada,alta
868,"Tablas de Valores Unitarios de Suelo y Construcciones para e",2025-10-15,0.595,82,977,375,expediente,125,2360,Comisión,2025-11-06,2025-11-06,1,no,,2025-11-12,Aprobada,alta
869,"Tablas de Valores Unitarios de Suelo y Construcciones para e",2025-10-15,0.595,82,977,375,expediente,125,2360,Comisión,2025-11-06,2025-11-06,1,no,,2025-11-12,Aprobada,alta
870,"Tablas de Valores Unitarios de Suelo y Construcciones para e",2025-10-15,0.595,82,977,375,expediente,125,2360,Comisión,2025-11-06,2025-11-06,1,no,,2025-11-12,Aprobada,alta
871,"Tablas de Valores Unitarios de Suelo y Construcciones para e",2025-10-15,0.595,82,977,375,expediente,125,2360,Comisión,2025-11-06,2025-11-06,1,no,,2025-11-12,Aprobada,alta
872,"Tablas de Valores Unitarios de Suelo y Construcciones para e",2025-10-15,0.595,82,977,375,expediente,125,2360,Comisión,2025-11-06,2025-11-06,1,no,,2025-11-12,Aprobada,alta
873,"Tablas de Valores Unitarios de Suelo y Construcciones para e",2025-10-15,0.595,82,977,375,expediente,125,2360,Comisión,2025-11-06,2025-11-06,1,no,,2025-11-12,Aprobada,alta
874,"Tablas de Valores Unitarios de Suelo y Construcciones para e",2025-10-15,0.595,82,977,375,expediente,125,2360,Comisión,2025-11-06,2025-11-06,1,no,,2025-11-12,Aprobada,alta
875,"Tablas de Valores Unitarios de Suelo y Construcciones para e",2025-10-15,0.595,82,977,375,expediente,125,2360,Comisión,2025-11-06,2025-11-06,1,no,,2025-11-12,Aprobada,alta
876,"Tablas de Valores Unitarios de Suelo y Construcciones para e",2025-10-15,0.595,82,977,375,expediente,125,2360,Comisión,2025-11-06,2025-11-06,1,no,,2025-11-12,Aprobada,alta
877,"Tablas de Valores Unitarios de Suelo y Construcciones para e",2025-10-15,0.595,82,977,375,expediente,125,2360,Comisión,2025-11-06,2025-11-06,1,no,,2025-11-12,Aprobada,alta
878,"Tablas de Valores Unitarios de Suelo y Construcciones para e",2025-10-15,0.595,82,977,375,expediente,125,2360,Comisión,2025-11-06,2025-11-06,1,no,,2025-11-12,Aprobada,alta
879,"Tablas de Valores Unitarios de Suelo y Construcciones para e",2025-10-15,0.595,82,977,375,expediente,125,2360,Comisión,2025-11-06,2025-11-06,1,no,,2025-11-12,Aprobada,alta
880,"Tablas de Valores Unitarios de Suelo y Construcciones para e",2025-10-15,0.595,82,977,375,expediente,125,2360,Comisión,2025-11-06,2025-11-06,1,no,,2025-11-12,Aprobada,alta
881,"Tablas de Valores Unitarios de Suelo y Construcciones para e",2025-10-15,0.595,82,977,375,expediente,125,2360,Comisión,2025-11-06,2025-11-06,1,no,,2025-11-12,Aprobada,alta
882,"Tablas de Valores Unitarios de Suelo y Construcciones para e",2025-10-15,0.595,82,977,375,expediente,125,2360,Comisión,2025-11-06,2025-11-06,1,no,,2025-11-12,Aprobada,alta
883,"Tablas de Valores Unitarios de Suelo y Construcciones para e",2025-10-15,0.595,82,977,375,expediente,125,2360,Comisión,2025-11-06,2025-11-06,1,no,,2025-11-12,Aprobada,alta
884,"Tablas de Valores Unitarios de Suelo y Construcciones para e",2025-10-15,0.595,82,977,375,expediente,125,2360,Comisión,2025-11-06,2025-11-06,1,no,,2025-11-12,Aprobada,alta
885,"Tablas de Valores Unitarios de Suelo y Construcciones para e",2025-10-15,0.595,82,977,375,expediente,125,2360,Comisión,2025-11-06,2025-11-06,1,no,,2025-11-12,Aprobada,alta
886,"Tablas de Valores Unitarios de Suelo y Construcciones para e",2025-10-15,0.595,82,977,375,expediente,125,2360,Comisión,2025-11-06,2025-11-06,1,no,,2025-11-12,Aprobada,alta
887,"Tablas de Valores Unitarios de Suelo y Construcciones para e",2025-10-15,0.595,82,977,375,expediente,125,2360,Comisión,2025-11-06,2025-11-06,1,no,,2025-11-12,Aprobada,alta
888,"Tablas de Valores Unitarios de Suelo y Construcciones para e",2025-10-15,0.595,82,977,375,expediente,125,2360,Comisión,2025-11-06,2025-11-06,1,no,,2025-11-12,Aprobada,alta
889,"Tablas de Valores Unitarios de Suelo y Construcciones para e",2025-10-15,0.595,82,977,375,expediente,125,2360,Comisión,2025-11-06,2025-11-06,1,no,,2025-11-12,Aprobada,alta
890,"Tablas de Valores Unitarios de Suelo y Construcciones para e",2025-10-15,0.595,82,977,375,expediente,125,2360,Comisión,2025-11-06,2025-11-06,1,no,,2025-11-12,Aprobada,alta
891,"Tablas de Valores Unitarios de Suelo y Construcciones para e",2025-10-15,0.595,82,977,375,expediente,125,2360,Comisión,2025-11-06,2025-11-06,1,no,,2025-11-12,Aprobada,alta
892,"Tablas de Valores Unitarios de Suelo y Construcciones para e",2025-10-15,0.595,82,977,375,expediente,125,2360,Comisión,2025-11-06,2025-11-06,1,no,,2025-11-12,Aprobada,alta
893,"Tablas de Valores Unitarios de Suelo y Construcciones para e",2025-10-15,0.595,82,977,375,expediente,125,2360,Comisión,2025-11-06,2025-11-06,1,no,,2025-11-12,Aprobada,alta
894,"Tablas de Valores Unitarios de Suelo y Construcciones para e",2025-10-15,0.595,82,977,375,expediente,125,2360,Comisión,2025-11-06,2025-11-06,1,no,,2025-11-12,Aprobada,alta
895,"Tablas de Valores Unitarios de Suelo y Construcciones para e",2025-10-15,0.595,82,977,375,expediente,125,2360,Comisión,2025-11-06,2025-11-06,1,no,,2025-11-12,Aprobada,alta
896,"Tablas de Valores Unitarios de Suelo y Construcciones para e",2025-10-15,0.595,82,977,375,expediente,125,2360,Comisión,2025-11-06,2025-11-06,1,no,,2025-11-12,Aprobada,alta
897,"Tablas de Valores Unitarios de Suelo y Construcciones para e",2025-10-15,0.595,82,977,375,expediente,125,2360,Comisión,2025-11-06,2025-11-06,1,no,,2025-11-12,Aprobada,alta
898,"Tablas de Valores Unitarios de Suelo y Construcciones para e",2025-10-15,0.595,82,977,375,expediente,125,2360,Comisión,2025-11-06,2025-11-06,1,no,,2025-11-12,Aprobada,alta
899,"Tablas de Valores Unitarios de Suelo y Construcciones para e",2025-10-15,0.595,82,977,375,expediente,125,2360,Comisión,2025-11-06,2025-11-06,1,no,,2025-11-12,Aprobada,alta
900,"Tablas de Valores Unitarios de Suelo y Construcciones para e",2025-10-15,0.595,82,977,375,expediente,125,2360,Comisión,2025-11-06,2025-11-06,1,no,,2025-11-12,Aprobada,alta
901,"Tablas de Valores Unitarios de Suelo y Construcciones para e",2025-10-15,0.595,82,977,375,expediente,125,2360,Comisión,2025-11-06,2025-11-06,1,no,,2025-11-12,Aprobada,alta
902,"Tablas de Valores Unitarios de Suelo y Construcciones para e",2025-10-15,0.595,82,977,375,expediente,125,2360,Comisión,2025-11-06,2025-11-06,1,no,,2025-11-12,Aprobada,alta
903,"Tablas de Valores Unitarios de Suelo y Construcciones para e",2025-10-15,0.595,82,977,375,expediente,125,2360,Comisión,2025-11-06,2025-11-06,1,no,,2025-11-12,Aprobada,alta
904,"Tablas de Valores Unitarios de Suelo y Construcciones para e",2025-10-15,0.595,82,977,375,expediente,125,2360,Comisión,2025-11-06,2025-11-06,1,no,,2025-11-12,Aprobada,alta
905,"Tablas de Valores Unitarios de Suelo y Construcciones para e",2025-10-15,0.595,82,977,375,expediente,125,2360,Comisión,2025-11-06,2025-11-06,1,no,,2025-11-12,Aprobada,alta
906,"Tablas de Valores Unitarios de Suelo y Construcciones para e",2025-10-15,0.595,82,977,375,expediente,125,2360,Comisión,2025-11-06,2025-11-06,1,no,,2025-11-12,Aprobada,alta
907,"Tablas de Valores Unitarios de Suelo y Construcciones para e",2025-10-15,0.595,82,977,375,expediente,125,2360,Comisión,2025-11-06,2025-11-06,1,no,,2025-11-12,Aprobada,alta
908,"Tablas de Valores Unitarios de Suelo y Construcciones para e",2025-10-15,0.595,82,977,375,expediente,125,2360,Comisión,2025-11-06,2025-11-06,1,no,,2025-11-12,Aprobada,alta
909,"Tablas de Valores Unitarios de Suelo y Construcciones para e",2025-10-15,0.595,82,977,375,expediente,125,2360,Comisión,2025-11-06,2025-11-06,1,no,,2025-11-12,Aprobada,alta
910,"Tablas de Valores Unitarios de Suelo y Construcciones para e",2025-10-15,0.595,82,977,375,expediente,125,2360,Comisión,2025-11-06,2025-11-06,1,no,,2025-11-12,Aprobada,alta
911,"Tablas de Valores Unitarios de Suelo y Construcciones para e",2025-10-15,0.595,82,977,375,expediente,125,2360,Comisión,2025-11-06,2025-11-06,1,no,,2025-11-12,Aprobada,alta
912,"Tablas de Valores Unitarios de Suelo y Construcciones para e",2025-10-15,0.595,82,977,375,expediente,125,2360,Comisión,2025-11-06,2025-11-06,1,no,,2025-11-12,Aprobada,alta
913,"Tablas de Valores Unitarios de Suelo y Construcciones para e",2025-10-15,0.595,82,977,375,expediente,125,2360,Comisión,2025-11-06,2025-11-06,1,no,,2025-11-12,Aprobada,alta
914,"Tablas de Valores Unitarios de Suelo y Construcciones para e",2025-10-15,0.595,82,977,375,expediente,125,2360,Comisión,2025-11-06,2025-11-06,1,no,,2025-11-12,Aprobada,alta
915,"Tablas de Valores Unitarios de Suelo y Construcciones para e",2025-10-15,0.595,82,977,375,expediente,125,2360,Comisión,2025-11-06,2025-11-06,1,no,,2025-11-12,Aprobada,alta
916,"Tablas de Valores Unitarios de Suelo y Construcciones para e",2025-10-15,0.595,82,977,375,expediente,125,2360,Comisión,2025-11-06,2025-11-06,1,no,,2025-11-12,Aprobada,alta
917,"Tablas de Valores Unitarios de Suelo y Construcciones para e",2025-10-15,0.595,82,977,375,expediente,125,2360,Comisión,2025-11-06,2025-11-06,1,no,,2025-11-12,Aprobada,alta
918,"Tablas de Valores Unitarios de Suelo y Construcciones para e",2025-10-15,0.595,82,977,375,expediente,125,2360,Comisión,2025-11-06,2025-11-06,1,no,,2025-11-12,Aprobada,alta
919,"Tablas de Valores Unitarios de Suelo y Construcciones para e",2025-10-15,0.595,82,977,375,expediente,125,2360,Comisión,2025-11-06,2025-11-06,1,no,,2025-11-12,Aprobada,alta
920,"Tablas de Valores Unitarios de Suelo y Construcciones para e",2025-10-15,0.595,82,977,375,expediente,125,2360,Comisión,2025-11-06,2025-11-06,1,no,,2025-11-12,Aprobada,alta
921,"Tablas de Valores Unitarios de Suelo y Construcciones para e",2025-10-15,0.595,82,977,375,expediente,125,2360,Comisión,2025-11-06,2025-11-06,1,no,,2025-11-12,Aprobada,alta
922,"Tablas de Valores Unitarios de Suelo y Construcciones para e",2025-10-15,0.595,82,977,375,expediente,125,2360,Comisión,2025-11-06,2025-11-06,1,no,,2025-11-12,Aprobada,alta
923,"Tablas de Valores Unitarios de Suelo y Construcciones para e",2025-10-15,0.595,82,977,375,expediente,125,2360,Comisión,2025-11-06,2025-11-06,1,no,,2025-11-12,Aprobada,alta
924,"Tablas de Valores Unitarios de Suelo y Construcciones para e",2025-10-15,0.595,82,977,375,expediente,125,2360,Comisión,2025-11-06,2025-11-06,1,no,,2025-11-12,Aprobada,alta
925,"Tablas de Valores Unitarios de Suelo y Construcciones para e",2025-10-15,0.595,82,977,375,expediente,125,2360,Comisión,2025-11-06,2025-11-06,1,no,,2025-11-12,Aprobada,alta
926,"Tablas de Valores Unitarios de Suelo y Construcciones para e",2025-10-15,0.595,82,977,375,expediente,125,2360,Comisión,2025-11-06,2025-11-06,1,no,,2025-11-12,Aprobada,alta
927,"Tablas de Valores Unitarios de Suelo y Construcciones para e",2025-10-15,0.595,82,977,375,expediente,125,2360,Comisión,2025-11-06,2025-11-06,1,no,,2025-11-12,Aprobada,alta
928,"Tablas de Valores Unitarios de Suelo y Construcciones para e",2025-10-15,0.595,82,977,375,expediente,125,2360,Comisión,2025-11-06,2025-11-06,1,no,,2025-11-12,Aprobada,alta
929,"Tablas de Valores Unitarios de Suelo y Construcciones para e",2025-10-15,0.595,82,977,375,expediente,125,2360,Comisión,2025-11-06,2025-11-06,1,no,,2025-11-12,Aprobada,alta
930,"Tablas de Valores Unitarios de Suelo y Construcciones para e",2025-10-15,0.595,82,977,375,expediente,125,2360,Comisión,2025-11-06,2025-11-06,1,no,,2025-11-12,Aprobada,alta
931,"Tablas de Valores Unitarios de Suelo y Construcciones para e",2025-10-15,0.595,82,977,375,expediente,125,2360,Comisión,2025-11-06,2025-11-06,1,no,,2025-11-12,Aprobada,alta
932,"Iniciativa con Proyecto de Decreto por el que se adicionan l",2025-10-15,0.585,82,978,2,directo,,3120,Comisión,2026-04-16,2026-04-16,1,no,,2026-04-22,Aprobada,alta
933,"Iniciativa con Proyecto de Decreto por el que se expide la L",2025-10-15,0.571,82,979,0,,,,,,,,no,,,En estudio,media
934,"Iniciativa con Proyecto de Decreto por el que se adiciona el",2025-10-15,0.470,82,980,2,directo,,2354,Comisión,2025-11-05,2025-11-05,1,no,,2025-11-27,Aprobada,alta
935,"Iniciativa con Proyecto de Decreto por la que se adiciona un",2025-10-15,0.646,82,981,1,directo,,2435,Comisión,2025-11-28,2025-11-28,1,no,,2025-12-03,Aprobada,alta
936,"Iniciativa con Proyecto de Decreto, mediante la cual se refo",2025-10-15,0.522,82,982,0,,,,,,,,no,,,En estudio,media
937,"Iniciativa con Proyecto de Decreto por la que se reforma y a",2025-10-15,0.574,82,983,0,,,,,,,,no,,,En estudio,media
938,"Iniciativa con Proyecto de Decreto por la que se reforma el ",2025-10-15,0.667,82,984,0,,,,,,,,no,,,En estudio,media
939,"Iniciativa con Proyecto de Decreto por la que se adiciona la",2025-10-15,0.669,82,985,1,directo,,3183,Comisión,2026-04-29,2026-04-29,1,no,,,En estudio,alta
940,"Iniciativa con Proyecto de Decreto por el que se adiciona un",2025-10-15,0.543,82,986,0,,,,,,,,no,,,En estudio,media
941,"Iniciativa con Proyecto de Decreto por el que se reforman, a",2025-10-15,0.682,82,987,0,,,,,,,,no,,,En estudio,media
942,"Iniciativa con Proyecto de Decreto por el que se adiciona un",2025-10-15,0.419,82,988,0,,,,,,2025-12-01,,no,,2025-12-03,Aprobada,baja
943,"Iniciativa con Proyecto de Decreto por el que se reforman y ",2025-10-15,,,,,,,,,,,,,,,En estudio,sin_match
944,"Iniciativa con Proyecto de Decreto por el que se adiciona un",2025-10-15,0.449,82,990,0,,,,,,,,no,,,En estudio,baja
945,"Iniciativa de reforma al artículo 8.19 del Código Administra",2025-10-15,,,,,,,,,,,,,,,En estudio,sin_match
946,"Iniciativa con Proyecto de Decreto que adiciona un párrafo s",2025-10-15,0.462,82,992,0,,,,,,,,no,,,En estudio,baja
948,"Iniciativa con Proyecto de Decreto por el que se adiciona el",2025-10-15,,,,,,,,,,,,,,,En estudio,sin_match
949,"Iniciativa de Decreto por el que se autoriza la desincorpora",2025-10-22,0.826,83,1006,16,expediente,143,2344,Comisión,2025-10-29,2025-10-29,2,no,,2025-10-29,Aprobada,alta
950,"Iniciativa de Decreto por el que se autoriza la desincorpora",2025-10-22,0.826,83,1006,16,expediente,143,2344,Comisión,2025-10-29,2025-10-29,2,no,,2025-10-29,Aprobada,alta
951,"Iniciativa de Decreto por el que se autoriza la desincorpora",2025-10-22,0.822,83,1006,16,expediente,143,2344,Comisión,2025-10-29,2025-10-29,2,no,,2025-10-29,Aprobada,alta
952,"Iniciativa de Decreto por el que se autoriza la desincorpora",2025-10-22,0.847,83,1006,16,expediente,143,2344,Comisión,2025-10-29,2025-10-29,2,no,,2025-10-29,Aprobada,alta
953,"Iniciativa de Decreto por el que se autoriza la desincorpora",2025-10-22,0.847,83,1006,16,expediente,143,2344,Comisión,2025-10-29,2025-10-29,2,no,,2025-10-29,Aprobada,alta
954,"Iniciativa de Decreto por el que se autoriza la desincorpora",2025-10-22,0.847,83,1006,16,expediente,143,2344,Comisión,2025-10-29,2025-10-29,2,no,,2025-10-29,Aprobada,alta
955,"Iniciativa de Decreto por el que se autoriza la desincorpora",2025-10-22,0.847,83,1006,16,expediente,143,2344,Comisión,2025-10-29,2025-10-29,2,no,,2025-10-29,Aprobada,alta
956,"Iniciativa de Decreto por el que se autoriza la desincorpora",2025-10-22,0.826,83,1006,16,expediente,143,2344,Comisión,2025-10-29,2025-10-29,2,no,,2025-10-29,Aprobada,alta
957,"Iniciativa con Proyecto de Decreto por el que se reforman y ",2025-10-22,0.719,83,1007,0,,,,,,2026-04-16,,no,,,En estudio,media
958,"Iniciativa con Proyecto de Decreto por la que se reforman la",2025-10-22,0.606,83,1008,0,,,,,,,,no,,,En estudio,media
959,"Iniciativa con Proyecto de Decreto por el cual se reforman y",2025-10-22,0.571,83,1009,0,,,,,,2026-04-23,,no,,,En estudio,media
960,"Iniciativa con Proyecto de Decreto, mediante la cual se refo",2025-10-22,0.636,83,1010,0,,,,,,,,no,,,En estudio,media
961,"Iniciativa con Proyecto de Decreto por el que se reforman y ",2025-10-22,0.631,83,1011,0,,,,,,,,no,,,En estudio,media
962,"Iniciativa con Proyecto de Decreto por el que se reforman, a",2025-10-22,0.772,83,1012,2,directo,,2449,Comisión,2025-12-02,2025-12-02,1,no,,2025-12-10,Aprobada,alta
963,"Iniciativa con Proyecto de Decreto por el que se adiciona la",2025-10-22,,,,,,,,,,,,,,,En estudio,sin_match
964,"Iniciativa con Proyecto de Decreto mediante la cual se expid",2025-10-22,0.529,83,1014,0,,,,,,,,no,,,En estudio,media
965,"Iniciativa con Proyecto de Decreto por el que se adiciona un",2025-10-22,0.674,83,1016,0,,,,,,,,no,,,En estudio,media
966,"Iniciativa con Proyecto de Decreto por el que se adicionan d",2025-10-22,0.483,83,1017,0,,,,,,,,no,,,En estudio,baja
967,"Iniciativa con Proyecto de Decreto por el que se reforman y ",2025-10-22,0.561,83,1018,0,,,,,,,,no,,,En estudio,media
968,"Iniciativa con Proyecto de Decreto el que se expide la Ley d",2025-10-22,0.408,83,1019,0,,,,,,,,no,,,En estudio,baja
969,"Iniciativa con Proyecto de Decreto por el que se adiciona un",2025-10-22,0.425,83,1020,0,,,,,,,,no,,,En estudio,baja
970,"Iniciativa con Proyecto de Decreto por el que se adiciona el",2025-10-22,0.552,83,1021,0,,,,,,,,no,,,En estudio,media
971,"Iniciativa con Proyecto de Decreto que reforma el inciso a) ",2025-10-22,,,,,,,,,,,,,,,En estudio,sin_match
972,"Iniciativa con Proyecto de Decreto por la que se reforma y a",2025-10-22,0.542,83,1024,0,,,,,,,,no,,,En estudio,media
973,"Iniciativa de Decreto para designar Representante Propietari",2025-10-29,0.720,84,1032,0,,,,,,,,no,,2025-10-29,Aprobada,media
974,"Iniciativa con Proyecto de Decreto, por el que se reforman y",2025-10-29,0.629,84,1036,0,,,,,,,,no,,,En estudio,media
976,"Iniciativa con Proyecto de Decreto por el que se adicionan d",2025-10-29,0.650,84,1038,0,,,,,,,,no,,,En estudio,media
977,"Iniciativa con Proyecto de Decreto por la que se reforma el ",2025-10-29,0.534,84,1039,0,,,,,,,,no,,,En estudio,media
978,"Iniciativa con Proyecto de Decreto por la que se Declara al ",2025-10-29,0.671,84,1040,2,expediente,137,2352,Comisión,2025-11-04,2025-11-04,2,no,,2025-11-05,Aprobada,alta
979,"Iniciativa con Proyecto de Decreto por el que se reforma el ",2025-10-29,0.573,84,1041,0,,,,,,,,no,,,En estudio,media
980,"Iniciativa con Proyecto de Decreto al H. Congreso de la Unió",2025-10-29,0.456,84,1042,0,,,,,,,,no,,,En estudio,baja
981,"Iniciativa con Proyecto de Decreto por el que se adiciona la",2025-10-29,0.677,84,1043,0,,,,,,,,no,,,En estudio,media
982,"Iniciativa con Proyecto de Decreto mediante la cual se adici",2025-10-29,,,,,,,,,,,,,,,En estudio,sin_match
983,"Iniciativa con Proyecto de Decreto por el que se reforma la ",2025-10-29,0.551,84,1045,0,,,,,,,,no,,,En estudio,media
984,"Iniciativa con Proyecto de Decreto que adiciona un párrafo s",2025-10-29,0.590,84,1046,0,,,,,,,,no,,,En estudio,media
985,"Iniciativa con Proyecto de Decreto que reforma y adiciona di",2025-10-29,0.644,84,1047,0,,,,,,,,no,,,En estudio,media
986,"Iniciativa con Proyecto de Decreto por el que se adicionan d",2025-10-29,,,,,,,,,,,,,,,En estudio,sin_match
987,"Iniciativa con Proyecto de Decreto por el que se reforman y ",2025-10-29,0.486,84,1049,0,,,,,,,,no,,,En estudio,baja
988,"Iniciativa con Proyecto de Decreto por el que se reforma y a",2025-10-29,0.591,84,1050,0,,,,,,,,no,,,En estudio,media
989,"Iniciativa con Proyecto de Decreto por el que se reforma el ",2025-10-29,,,,,,,,,,,,,,,En estudio,sin_match
990,"Iniciativa con Proyecto de Decreto por el que se reforma la ",2025-10-29,,,,,,,,,,,,,,,En estudio,sin_match
991,"Iniciativa con Proyecto de Decreto por la que se reforma al ",2025-11-05,0.466,85,1061,0,,,,,,,,no,,,En estudio,baja
992,"Iniciativa con Proyecto de Decreto por el que se adiciona el",2025-11-05,0.567,85,1062,0,,,,,,,,no,,,En estudio,media
993,"Iniciativa con Proyecto de Decreto por el cual se expide la ",2025-11-05,0.707,85,1063,0,,,,,,,,no,,,En estudio,media
994,"Iniciativa con Proyecto de Decreto al Honorable Congreso de ",2025-11-05,0.622,85,1064,0,,,,,,,,no,,,En estudio,media
995,"Iniciativa con Proyecto de Decreto por el que se reforma el ",2025-11-05,,,,,,,,,,,,,,2026-04-28,Aprobada,sin_match
996,"Iniciativa con Proyecto de Decreto por el que se reforma el ",2025-11-05,,,,,,,,,,,,,,,En estudio,sin_match
997,"Iniciativa con Proyecto de Decreto por el que se reforma el ",2025-11-05,0.601,85,1067,0,,,,,,,,no,,,En estudio,media
998,"Iniciativa con Proyecto de Decreto por el que se reforman y ",2025-11-05,0.463,85,1068,0,,,,,,,,no,,,En estudio,baja
999,"Iniciativa de Decreto por el que se abroga el Decreto número",2025-11-12,0.875,86,1080,0,,,,,,,,no,,2025-11-12,Aprobada,media
1000,"Iniciativa de Decreto por el que se autoriza al H. Ayuntamie",2025-11-12,0.877,86,1081,0,,,,,,,,no,,2025-11-12,Aprobada,media
1001,"Iniciativa de Decreto por el que se reforman los párrafos pr",2025-11-12,0.736,86,1082,0,,,,,,,,no,,2025-11-12,Aprobada,media
1002,"Iniciativa con Proyecto de Decreto, por el que se reforman l",2025-11-12,0.588,86,1083,0,,,,,,,,no,,,En estudio,media
1003,"Iniciativa con Proyecto de Decreto por el que se reforman lo",2025-11-12,0.569,86,1084,0,,,,,,,,no,,,En estudio,media
1004,"Iniciativa con Proyecto de Decreto por el que se adiciona el",2025-11-12,0.427,86,1085,0,,,,,,2026-04-21,,no,,2026-05-06,Aprobada,baja
1005,"Iniciativa con Proyecto de Decreto por el que se reforman y ",2025-11-12,0.586,86,1086,0,,,,,,,,no,,,En estudio,media
1006,"Iniciativa con Proyecto de Decreto que reforman y adicionan ",2025-11-12,0.728,86,1087,0,,,,,,,,no,,,En estudio,media
1007,"Iniciativa con Proyecto de Decreto por el que se reforma el ",2025-11-12,0.644,86,1088,0,,,,,,,,no,,,En estudio,media
1008,"Iniciativa con Proyecto de Decreto por el que se reforma el ",2025-11-12,0.578,86,1089,0,,,,,,,,no,,,En estudio,media
1009,"Iniciativa con Proyecto de Decreto por la que se expide la L",2025-11-12,0.655,86,1090,0,,,,,,,,no,,,En estudio,media
1010,"Iniciativa con Proyecto de Decreto por la que se adiciona el",2025-11-12,0.649,86,1091,1,expediente,145,1722,Comisión,2026-02-26,2026-02-12,2,no,,2026-03-04,Aprobada,baja
1011,"Iniciativa con Proyecto de Decreto que expide la Ley para la",2025-11-12,0.707,86,1092,0,,,,,,,,no,,,En estudio,media
1012,"Iniciativa con Proyecto de Decreto por la que se reforman la",2025-11-12,0.674,86,1093,0,,,,,,,,no,,,En estudio,media
1013,"Iniciativa con Proyecto de Decreto por el que se reforma la ",2025-11-12,,,,,,,,,,,,,,,En estudio,sin_match
1014,"Iniciativa con Proyecto de Decreto por el que se reforman y ",2025-11-12,0.629,86,1095,0,,,,,,2026-01-13,,no,,2026-01-15,Aprobada,media
1015,"Iniciativa con Proyecto de Decreto por el que se adiciona un",2025-11-12,0.415,86,1096,0,,,,,,,,no,,,En estudio,baja
1016,"Iniciativa con Proyecto de Decreto por el que se reforman y ",2025-11-12,0.492,86,1086,0,,,,,,,,no,,,En estudio,baja
1017,"Iniciativa con Proyecto de Decreto por el que se reforma el ",2025-11-12,,,,,,,,,,,,,,,En estudio,sin_match
1018,"Iniciativa con Proyecto de Decreto que adiciona un segundo p",2025-11-12,0.602,86,1099,0,,,,,,,,no,,,En estudio,media
1019,"Iniciativa con Proyecto de Decreto por el que se reforma el ",2025-11-12,0.519,86,1100,0,,,,,,,,no,,,En estudio,media
1022,"Iniciativa de Ley de Ingresos del Estado de México para el E",2025-11-19,,,,,,,,,,,,,,2025-12-10,Aprobada,sin_match
1023,"Iniciativa de Ley de Ingresos de los Municipios del Estado d",2025-11-19,,,,,,,,,,,,,,2025-12-10,Aprobada,sin_match
1024,"Presupuesto de Egresos del Gobierno del Estado de México par",2025-11-19,,,,,,,,,,,,,,2025-12-10,Aprobada,sin_match
1025,"Iniciativa de Decreto por el que se reforman, adicionan y de",2025-11-19,0.456,87,1110,2,directo,,2457,Comisión,2025-12-02,2025-12-02,1,no,,2025-12-10,Aprobada,alta
1026,"Iniciativa de Decreto de Autorización del Programa de Financ",2025-11-19,,,,,,,,,,,,,,2025-12-10,Aprobada,sin_match
1048,"Iniciativa de Decreto por el que se declara Patrimonio Cultu",2025-11-19,0.835,87,1116,0,,,,,,,,no,,2025-11-19,Aprobada,media
1049,"Iniciativa con Proyecto de Decreto por la que se reforma el ",2025-11-19,0.696,87,1117,0,,,,,,,,no,,,En estudio,media
1050,"Iniciativa con Proyecto de Decreto por el que se reforma el ",2025-11-19,,,,,,,,,,,,,,,En estudio,sin_match
1051,"Iniciativa con proyecto de Decreto por el que se reforma el ",2025-11-19,0.641,87,1119,2,directo,,2491,Comisión,2026-02-10,2026-02-10,1,no,,2026-02-25,Aprobada,alta
1052,"Iniciativa con Proyecto de Decreto por el que se reforman y ",2025-11-19,0.464,87,1120,0,,,,,,,,no,,,En estudio,baja
1053,"Iniciativa con Proyecto de Decreto por la que se reforma el ",2025-11-19,0.542,87,1121,0,,,,,,,,no,,,En estudio,media
1054,"Iniciativa con Proyecto de Decreto por la que se declara al ",2025-11-19,0.568,87,1122,1,directo,,3124,Comisión,2026-04-21,2026-04-21,2,no,,2026-04-22,Aprobada,alta
1055,"Iniciativa de reforma a los artículos 28, 73 fracción XVII y",2025-11-19,0.907,87,1123,0,,,,,,,,no,,,En estudio,media
1056,"Iniciativa con Proyecto de Decreto por el que se crea el Ins",2025-11-19,0.362,87,1124,0,,,,,,,,no,,,En estudio,baja
1057,"Iniciativa con Proyecto de Decreto por el que se adicionan y",2025-11-19,0.624,87,1125,0,,,,,,,,no,,,En estudio,media
1058,"Iniciativa con Proyecto de Decreto por el que se reforman el",2025-11-19,0.484,87,1126,0,,,,,,,,no,,,En estudio,baja
1059,"Iniciativa con Proyecto de Decreto por el que se reforman y ",2025-11-19,0.672,87,1127,0,,,,,,,,no,,,En estudio,media
1060,"Iniciativa de reforma con adición a los artículos 242 fracci",2025-11-19,0.527,87,1128,0,,,,,,,,no,,,En estudio,media
1061,"Iniciativa con Proyecto de Decreto por el cual se envía Inic",2025-11-19,0.523,87,1129,0,,,,,,,,no,,,En estudio,media
1063,"Iniciativa de Decreto por el que se autoriza al H. Ayuntamie",2025-11-27,0.465,88,1142,0,,,,,,,,no,,2025-11-27,Aprobada,baja
1064,"Iniciativa de Decreto por el que se autoriza al H. Ayuntamie",2025-11-27,0.452,88,1142,0,,,,,,,,no,,2025-11-27,Aprobada,baja
1065,"Iniciativa de Decreto por el que se autoriza al H. Ayuntamie",2025-11-27,0.524,88,1142,0,,,,,,,,no,,2025-11-27,Aprobada,media
1066,"Iniciativa de Decreto por el que se autoriza al H. Ayuntamie",2025-11-27,0.465,88,1142,0,,,,,,,,no,,2025-11-27,Aprobada,baja
1067,"Iniciativa de Decreto por el que se autoriza al H. Ayuntamie",2025-11-27,0.457,88,1142,0,,,,,,,,no,,2025-11-27,Aprobada,baja
1068,"Iniciativa de Decreto por el que se autoriza al H. Ayuntamie",2025-11-27,0.458,88,1142,0,,,,,,,,no,,2025-11-27,Aprobada,baja
1069,"Iniciativa de Decreto por el que se autoriza al H. Ayuntamie",2025-11-27,0.415,88,1142,0,,,,,,,,no,,2025-11-27,Aprobada,baja
1070,"Iniciativa de Decreto por el que se autoriza al H. Ayuntamie",2025-11-27,0.457,88,1142,0,,,,,,,,no,,2025-11-27,Aprobada,baja
1071,"Iniciativa de Decreto por el que se reforman, adicionan y de",2025-11-27,0.632,88,1143,1,directo,,2439,Comisión,2025-12-01,2025-12-01,1,no,,2025-12-10,Aprobada,alta
1072,"Iniciativa de Decreto por el que se reforma el artículo 139 ",2025-11-27,0.665,88,1144,1,expediente,144,2478,Comisión,2025-12-09,2025-12-02,2,no,,2025-12-10,Aprobada,media
1073,"Iniciativa con Proyecto de Decreto que reforma los artículos",2025-11-27,,,,,,,,,,,,,,2025-12-10,Aprobada,sin_match
1074,"Iniciativa con Proyecto de Decreto por el que se adiciona el",2025-11-27,0.695,88,1146,0,,,,,,,,no,,,En estudio,media
1075,"Iniciativa con Proyecto de Decreto por el que se reforma la ",2025-11-27,0.576,88,1147,0,,,,,,,,no,,,En estudio,media
1076,"Iniciativa con Proyecto de Decreto, por el que se reforman d",2025-11-27,0.580,88,1148,2,expediente,126,3184,Comisión,2026-04-29,2026-04-29,1,no,,2026-05-06,Aprobada,alta
1077,"Iniciativa con Proyecto de Decreto por la que se reforman, a",2025-11-27,0.714,88,1149,0,,,,,,,,no,,,En estudio,media
1078,"Iniciativa con Proyecto de Decreto por el que se adiciona la",2025-11-27,0.568,88,1150,0,,,,,,,,no,,,En estudio,media
1079,"Iniciativa con Proyecto de Decreto por el que se elimina la ",2025-11-27,0.558,88,1151,1,directo,,2654,Comisión,2026-03-10,2026-03-10,1,no,,2026-04-09,Aprobada,alta
1080,"Iniciativa con Proyecto de Decreto por el que se adiciona un",2025-11-27,0.483,88,1152,0,,,,,,,,no,,,En estudio,baja
1081,"Iniciativa con Proyecto de Decreto por el que se reforman el",2025-11-27,0.546,88,1153,0,,,,,,,,no,,,En estudio,media
1082,"Iniciativa con Proyecto de Decreto por el que se adiciona la",2025-11-27,0.520,88,1154,0,,,,,,,,no,,,En estudio,media
1083,"Iniciativa con Proyecto de Decreto por el que se reforman di",2025-11-27,,,,,,,,,,,,,,,En estudio,sin_match
1084,"Iniciativa con Proyecto de Decreto por el que se adicionan l",2025-11-27,0.588,88,1156,1,expediente,132,3027,Comisión,2026-04-08,2026-04-08,2,no,,2026-04-09,Aprobada,alta
1085,"Iniciativa con Proyecto de Decreto que reforma el primer pár",2025-11-27,,,,,,,,,,,,,,,En estudio,sin_match
1086,"Iniciativa con Proyecto de Decreto por la que se reforma el ",2025-11-27,,,,,,,,,,,,,,,En estudio,sin_match
1087,"Iniciativa con Proyecto de Decreto por el que se adiciona el",2025-11-27,0.418,88,1159,0,,,,,,,,no,,,En estudio,baja
1088,"Iniciativa de Decreto por el que se aprueba la renuncia de l",2025-12-03,0.608,89,1166,0,,,,,,,,no,,2025-12-03,Aprobada,media
1089,"Iniciativa de Decreto por el que se autoriza al H. Ayuntamie",2025-12-03,0.886,89,1177,0,,,,,,,,no,,2025-12-03,Aprobada,media
1090,"Iniciativa de Decreto por el que se reforma el párrafo segun",2025-12-03,0.725,89,1178,1,directo,,2467,Comisión,2025-12-04,2025-12-04,1,no,,2025-12-10,Aprobada,alta
1091,"Iniciativa de Decreto por la que se declara la técnica artes",2025-12-03,0.739,89,1179,0,,,,,,,,no,,2025-12-03,Aprobada,media
1092,"Iniciativa con Proyecto de Decreto por el que se reforman la",2025-12-03,0.768,89,1180,0,,,,,,,,no,,,En estudio,media
1093,"Iniciativa con Proyecto de Decreto por medio de la cual se p",2025-12-03,0.426,89,1181,0,,,,,,,,no,,,En estudio,baja
1094,"Iniciativa con Proyecto de Decreto por la que se adicionan d",2025-12-03,0.464,89,1182,0,,,,,,2026-04-21,,no,,2026-04-22,Aprobada,baja
1095,"Iniciativa con Proyecto de Decreto por el que se reforman y ",2025-12-03,0.573,89,1183,1,directo,,2607,Comisión,2026-03-03,2026-03-03,1,no,,2026-03-11,Aprobada,alta
1096,"Iniciativa con Proyecto de Decreto por el que se reforman lo",2025-12-03,0.767,89,1184,0,,,,,,,,no,,,En estudio,media
1097,"Iniciativa con Proyecto de Decreto por el que se reforma el ",2025-12-03,0.623,89,1185,1,expediente,132,3027,Comisión,2026-04-08,2026-04-08,2,no,,2026-04-09,Aprobada,alta
1098,"Iniciativa con Proyecto de Decreto por el adicionan y reform",2025-12-03,0.651,89,1186,2,expediente,136,2640,Comisión,2026-03-05,2026-03-05,2,no,,2026-03-11,Aprobada,alta
1099,"Iniciativa con Proyecto de Decreto por el que se adicionan d",2025-12-03,,,,,,,,,,,,,,,En estudio,sin_match
1100,"Iniciativa con Proyecto de Decreto por el que se reforman lo",2025-12-03,0.481,89,1188,0,,,,,,,,no,,,En estudio,baja
1101,"Iniciativa con Proyecto de Decreto por el que se reforman y ",2025-12-03,0.620,89,1189,0,,,,,,,,no,,,En estudio,media
1102,"Iniciativa con Proyecto de Decreto que adiciona los artículo",2025-12-03,0.436,89,1190,0,,,,,,,,no,,,En estudio,baja
1103,"Iniciativa con Proyecto de Decreto por la que se por el que ",2025-12-03,0.629,89,1191,0,,,,,,,,no,,,En estudio,media
1104,"Iniciativa con Proyecto de Decreto por el que se reforma el ",2025-12-03,0.659,89,1192,0,,,,,,,,no,,,En estudio,media
1105,"Iniciativa de Decreto por el que se autoriza al H. Ayuntamie",2025-12-10,0.897,90,1211,0,,,,,,,,no,,2025-12-10,Aprobada,media
1106,"Iniciativa de Decreto por el que se declara “2026. Año del H",2025-12-10,,,,,,,,,,,,,,2025-12-10,Aprobada,sin_match
1107,"Iniciativa de Decreto por el que se reforman, adicionan y de",2025-12-16,0.859,94,1227,0,,,,,,2026-01-13,,no,,2026-01-15,Aprobada,media
1109,"Iniciativa de Decreto por el que se reforman y adicionan div",2025-12-16,0.778,94,1229,0,,,,,,2026-01-13,,no,,2026-01-15,Aprobada,media
1110,"Iniciativa de Decreto por el que se autoriza al H. Ayuntamie",2025-12-16,0.855,94,1230,0,,,,,,,,no,,2025-12-16,Aprobada,media
1111,"Iniciativa de Decreto por el que se autoriza al H. Ayuntamie",2026-01-12,0.855,95,1743,0,,,,,,,,no,,2026-01-12,Aprobada,media
1112,"Iniciativa de Decreto por el que se expide la Ley para Preve",2026-01-12,0.833,95,1744,0,,,,,,2026-01-13,,no,,2026-01-15,Aprobada,media
1113,"Iniciativa con Proyecto de Decreto mediante el cual se decla",2026-01-12,0.639,95,1745,0,,,,,,,,no,,2026-01-12,Aprobada,media
1114,"Iniciativa de Decreto por el que se convoca a la “LXII” Legi",2026-01-12,0.673,95,1746,0,,,,,,,,no,,2026-01-12,Aprobada,media
1115,"Iniciativa de Decreto por el que se autoriza al H. Ayuntamie",2026-01-22,0.875,100,2518,0,,,,,,,,no,,2026-01-22,Aprobada,media
1116,"Iniciativa de Decreto por el que se aprueba la renuncia de l",2026-01-22,0.615,100,2519,0,,,,,,,,no,,2026-01-22,Aprobada,media
1117,"Iniciativa de Decreto por la que se declara la técnica artes",2026-01-22,0.682,100,2520,0,,,,,,,,no,,2026-01-22,Aprobada,media
1118,"Solicitud de fijación y solución del diferendo limítrofe int",2026-02-11,,,,,,,,,,,,,,2026-02-11,Aprobada,sin_match
1119,"Iniciativa de Decreto por el que se autoriza al H. Ayuntamie",2026-02-11,0.874,103,2533,0,,,,,,,,no,,2026-02-11,Aprobada,media
1120,"Iniciativa con Proyecto de Decreto que adiciona los artículo",2026-02-11,0.627,103,2534,1,expediente,142,2683,Comisión,2026-03-12,2026-03-12,2,no,,2026-03-18,Aprobada,alta
1121,"Iniciativa con Proyecto de Decreto que reforma el artículo 4",2026-02-11,0.609,103,2535,1,expediente,142,2683,Comisión,2026-03-12,2026-03-12,2,no,,2026-03-18,Aprobada,alta
1122,"Iniciativa con Proyecto de Decreto por el cual se adiciona e",2026-02-11,0.626,103,2536,0,,,,,,,,no,,,En estudio,media
1123,"Iniciativa con Proyecto de Decreto por el que se reforma el ",2026-02-11,0.606,103,2537,1,expediente,145,1722,Comisión,2026-02-26,2026-02-12,2,no,,2026-03-04,Aprobada,baja
1124,"Iniciativa con Proyecto de Decreto por el que se reforman di",2026-02-11,0.470,103,2538,0,,,,,,,,no,,,En estudio,baja
1125,"Iniciativa con Proyecto de Decreto por el que se expide Ley ",2026-02-11,0.695,103,2539,0,,,,,,,,no,,,En estudio,media
1126,"Iniciativa con Proyecto de Decreto por el que se reforma y a",2026-02-11,0.544,103,2540,0,,,,,,,,no,,,En estudio,media
1127,"Iniciativa con Proyecto de Decreto por el que se adiciona un",2026-02-11,0.699,103,2541,0,,,,,,,,no,,,En estudio,media
1128,"Iniciativa con Proyecto de Decreto mediante la cual se adici",2026-02-11,0.869,103,2542,0,,,,,,2026-02-17,,no,,2026-02-18,Aprobada,media
1129,"Iniciativa de Decreto por el que se expide la Ley Estatal de",2026-02-11,0.572,103,2543,0,,,,,,,,no,,,En estudio,media
1130,"Iniciativa con Proyecto de Decreto por el que se reforma el ",2026-02-11,,,,,,,,,,,,,,,En estudio,sin_match
1131,"Iniciativa con Proyecto de Decreto por el que se adiciona un",2026-02-11,0.772,103,2545,0,,,,,,,,no,,,En estudio,media
1132,"Iniciativa con Proyecto de Decreto por el que se adicionan d",2026-02-11,0.525,103,2546,0,,,,,,,,no,,,En estudio,media
1133,"Iniciativa con Proyecto de Decreto por el que se adicionan l",2026-02-11,0.567,103,2547,0,,,,,,,,no,,,En estudio,media
1134,"Iniciativa con Proyecto de Decreto por el que se reforma el ",2026-02-11,0.482,103,2548,0,,,,,,,,no,,,En estudio,baja
1135,"Iniciativa con Proyecto de Decreto que reforma el primer pár",2026-02-11,0.511,103,2549,0,,,,,,,,no,,,En estudio,media
1136,"Iniciativa con Proyecto de Decreto por el que se reforma el ",2026-02-11,,,,,,,,,,,,,,,En estudio,sin_match
1137,"Iniciativa de Decreto por el que se declara el 27 de noviemb",2026-02-18,0.805,4cf0af31-0e84-462b-8d15-43fdb01222a2,2560,1,directo,,1716,Comisión,2026-02-24,2026-02-24,2,no,,2026-02-25,Aprobada,alta
1138,"Iniciativa de Decreto por el que se reforman diversas dispos",2026-02-18,0.672,4cf0af31-0e84-462b-8d15-43fdb01222a2,2561,1,directo,,2612,Comisión,2026-02-24,2026-02-24,1,no,,2026-03-04,Aprobada,alta
1139,"Iniciativa de Decreto por el que se expide la Ley de Salud d",2026-02-18,0.926,4cf0af31-0e84-462b-8d15-43fdb01222a2,2562,1,directo,,1717,Comisión,2026-02-24,2026-02-24,1,no,,2026-04-09,Aprobada,alta
1140,"Iniciativa de Decreto por la que se declara la Feria de la B",2026-02-18,0.671,4cf0af31-0e84-462b-8d15-43fdb01222a2,2563,0,,,,,,,,no,,2026-02-18,Aprobada,media
1141,"Iniciativa con Proyecto de Decreto por el que se reforman y ",2026-02-18,0.480,4cf0af31-0e84-462b-8d15-43fdb01222a2,2564,0,,,,,,,,no,,,En estudio,baja
1142,"Iniciativa con Proyecto de Decreto por el que se reforma el ",2026-02-18,0.671,4cf0af31-0e84-462b-8d15-43fdb01222a2,2565,0,,,,,,,,no,,,En estudio,media
1143,"Iniciativa de Decreto por el que se adicionan diversas dispo",2026-02-18,0.546,4cf0af31-0e84-462b-8d15-43fdb01222a2,2566,0,,,,,,,,no,,,En estudio,media
1144,"Iniciativa con Proyecto de Decreto por la que se declara el ",2026-02-18,0.658,4cf0af31-0e84-462b-8d15-43fdb01222a2,2567,0,,,,,,,,no,,,En estudio,media
1146,"Iniciativa con Proyecto de Decreto por el que se adicionan e",2026-02-18,0.574,4cf0af31-0e84-462b-8d15-43fdb01222a2,2569,0,,,,,,,,no,,,En estudio,media
1147,"Iniciativa con Proyecto de Decreto que adiciona el Artículo ",2026-02-18,0.449,4cf0af31-0e84-462b-8d15-43fdb01222a2,2570,0,,,,,,,,no,,,En estudio,baja
1148,"Iniciativa con Proyecto de Decreto reforman diversos artícul",2026-02-18,0.461,4cf0af31-0e84-462b-8d15-43fdb01222a2,2571,0,,,,,,,,no,,,En estudio,baja
1149,"Iniciativa con Proyecto de Decreto por la que se reforma el ",2026-02-18,0.434,4cf0af31-0e84-462b-8d15-43fdb01222a2,2572,0,,,,,,,,no,,,En estudio,baja
1150,"Iniciativa con Proyecto de Decreto por el que se adiciona un",2026-02-18,0.782,4cf0af31-0e84-462b-8d15-43fdb01222a2,2573,0,,,,,,,,no,,,En estudio,media
1151,"Iniciativa con Proyecto de Decreto por el que se declara Pat",2026-02-25,0.648,67e4f89e-d93b-4f50-8234-3ba6109afdd4,2582,0,,,,,,,,no,,2026-02-25,Aprobada,media
1152,"Iniciativa con Proyecto de Decreto por el que se adiciona la",2026-02-25,0.664,67e4f89e-d93b-4f50-8234-3ba6109afdd4,2583,0,,,,,,,,no,,,En estudio,media
1153,"Iniciativa con Proyecto de Decreto por el que se reforma el ",2026-02-25,0.424,67e4f89e-d93b-4f50-8234-3ba6109afdd4,2584,0,,,,,,,,no,,,En estudio,baja
1154,"Iniciativa con Proyecto de Decreto por el que se reforma el ",2026-02-25,,,,,,,,,,,,,,2026-05-06,Aprobada,sin_match
1155,"Iniciativa con Proyecto de Decreto por el que se reforman, a",2026-02-25,0.795,67e4f89e-d93b-4f50-8234-3ba6109afdd4,2586,0,,,,,,,,no,,,En estudio,media
1156,"Iniciativa con Proyecto de Decreto mediante el cual se Decla",2026-02-25,0.697,67e4f89e-d93b-4f50-8234-3ba6109afdd4,2587,1,directo,,2601,Comisión,2026-03-03,2026-03-03,2,no,,2026-03-04,Aprobada,alta
1157,"Iniciativa con Proyecto de Decreto por el que se reforma la ",2026-02-25,0.635,67e4f89e-d93b-4f50-8234-3ba6109afdd4,2588,0,,,,,,,,no,,,En estudio,media
1158,"Iniciativa con Proyecto de Decreto por el que se reforma, ad",2026-02-25,0.758,67e4f89e-d93b-4f50-8234-3ba6109afdd4,2589,1,directo,,1723,Comisión,2026-02-26,2026-02-26,1,no,,2026-03-04,Aprobada,alta
1159,"Iniciativa con Proyecto de Decreto al Congreso de la Unión p",2026-02-25,0.689,67e4f89e-d93b-4f50-8234-3ba6109afdd4,2590,0,,,,,,,,no,,,En estudio,media
1160,"Iniciativa con Proyecto de Decreto por el que se deroga la L",2026-02-25,0.510,67e4f89e-d93b-4f50-8234-3ba6109afdd4,2591,0,,,,,,,,no,,,En estudio,media
1161,"Iniciativa con Proyecto de Decreto por el que se reforma y a",2026-02-25,0.505,67e4f89e-d93b-4f50-8234-3ba6109afdd4,2592,0,,,,,,,,no,,,En estudio,media
1162,"Iniciativa con Proyecto de Decreto por el que se reforman y ",2026-02-25,0.523,67e4f89e-d93b-4f50-8234-3ba6109afdd4,2593,0,,,,,,,,no,,,En estudio,media
1163,"Iniciativa con Proyecto de Decreto que reforma y adiciona di",2026-02-25,0.776,67e4f89e-d93b-4f50-8234-3ba6109afdd4,2594,0,,,,,,,,no,,,En estudio,media
1164,"Iniciativa con Proyecto de Decreto que reforma el primer pár",2026-02-25,0.525,67e4f89e-d93b-4f50-8234-3ba6109afdd4,2595,0,,,,,,,,no,,,En estudio,media
1165,"Iniciativa con Proyecto de Decreto por el que se reforma el ",2026-02-25,,,,,,,,,,,,,,,En estudio,sin_match
1166,"Iniciativa de Decreto por el que se autoriza al H. Ayuntamie",2026-03-04,0.853,7640399d-2392-41ca-88e1-56fac3f27b6e,2617,0,,,,,,,,no,,2026-03-04,Aprobada,media
1167,"Iniciativa con Proyecto de Decreto por el que se reforma la ",2026-03-04,0.570,7640399d-2392-41ca-88e1-56fac3f27b6e,2618,1,expediente,132,3027,Comisión,2026-04-08,2026-04-08,2,no,,2026-04-09,Aprobada,alta
1168,"Iniciativa con Proyecto de Decreto por el que se reforma la ",2026-03-04,0.720,7640399d-2392-41ca-88e1-56fac3f27b6e,2619,0,,,,,,,,no,,,En estudio,media
1169,"Iniciativa con Proyecto de Decreto por el que se reforma y a",2026-03-04,0.573,7640399d-2392-41ca-88e1-56fac3f27b6e,2620,1,expediente,128,3125,Comisión,2026-04-21,2026-04-21,2,no,,2026-04-22,Aprobada,alta
1170,"Iniciativa con Proyecto de Decreto por el que se adicionan u",2026-03-04,0.512,7640399d-2392-41ca-88e1-56fac3f27b6e,2621,1,expediente,132,3027,Comisión,2026-04-08,2026-04-08,2,no,,2026-04-09,Aprobada,alta
1171,"Iniciativa con Proyecto de Decreto por el que se reforman la",2026-03-04,0.764,7640399d-2392-41ca-88e1-56fac3f27b6e,2622,0,,,,,,,,no,,,En estudio,media
1172,"Iniciativa con Proyecto de Decreto por el que se reforman y ",2026-03-04,0.616,7640399d-2392-41ca-88e1-56fac3f27b6e,2623,0,,,,,,,,no,,,En estudio,media
1173,"Iniciativa con Proyecto de Decreto por el que se reforma el ",2026-03-04,0.456,7640399d-2392-41ca-88e1-56fac3f27b6e,2624,0,,,,,,,,no,,,En estudio,baja
1174,"Iniciativa con Proyecto de Decreto por el que se adiciona un",2026-03-04,0.388,7640399d-2392-41ca-88e1-56fac3f27b6e,2625,0,,,,,,,,no,,,En estudio,baja
1175,"Iniciativa con Proyecto de Decreto por el que se reforman lo",2026-03-04,0.806,7640399d-2392-41ca-88e1-56fac3f27b6e,2626,0,,,,,,,,no,,,En estudio,media
1176,"Iniciativa con Proyecto de Decreto por el que se reforman y ",2026-03-04,,,,,,,,,,,,,,2026-04-09,Aprobada,sin_match
1177,"Iniciativa con Proyecto de Decreto por el que se adicionan d",2026-03-04,0.604,7640399d-2392-41ca-88e1-56fac3f27b6e,2629,0,,,,,,,,no,,,En estudio,media
1178,"Iniciativa con Proyecto de Decreto por el que se adicionan d",2026-03-04,0.626,7640399d-2392-41ca-88e1-56fac3f27b6e,2630,0,,,,,,,,no,,,En estudio,media
1179,"Iniciativa con Proyecto de Decreto por la que se adiciona el",2026-03-04,0.849,7640399d-2392-41ca-88e1-56fac3f27b6e,2631,0,,,,,,,,no,,,En estudio,media
1181,"Iniciativa con Proyecto de Decreto por el que se Reforman y ",2026-03-04,0.566,7640399d-2392-41ca-88e1-56fac3f27b6e,2633,0,,,,,,,,no,,,En estudio,media
1182,"Iniciativa de Decreto por el que se autoriza al H. Ayuntamie",2026-03-11,0.874,976475f8-e421-4736-8d52-d1a5e17dfb33,2661,0,,,,,,,,no,,2026-03-11,Aprobada,media
1183,"Iniciativa con Proyecto de Decreto por el que se adicionan l",2026-03-11,0.725,976475f8-e421-4736-8d52-d1a5e17dfb33,2662,1,directo,,3009,Comisión,2026-03-25,2026-03-25,1,no,,,En estudio,alta
1184,"Iniciativa de Decreto por la que se declara al mezcal produc",2026-03-11,0.839,976475f8-e421-4736-8d52-d1a5e17dfb33,2663,0,,,,,,,,no,,,En estudio,media
1185,"Iniciativa de Decreto por el que se adiciona una fracción al",2026-03-11,0.560,976475f8-e421-4736-8d52-d1a5e17dfb33,2664,0,,,,,,2026-03-23,,no,,2026-03-24,Aprobada,media
1186,"Iniciativa con Proyecto de Decreto por el que se declara el ",2026-03-11,0.755,976475f8-e421-4736-8d52-d1a5e17dfb33,2665,0,,,,,,,,no,,,En estudio,media
1187,"Iniciativa con Proyecto de Decreto, por el que se reforma el",2026-03-11,0.623,976475f8-e421-4736-8d52-d1a5e17dfb33,2656,2,expediente,126,3184,Comisión,2026-04-29,2026-04-29,1,no,,2026-05-06,Aprobada,alta
1188,"Iniciativa con Proyecto de Decreto por el cual se expide la ",2026-03-11,0.652,976475f8-e421-4736-8d52-d1a5e17dfb33,2666,0,,,,,,,,no,,,En estudio,media
1189,"Iniciativa con Proyecto de Decreto por el que se reforma la ",2026-03-11,0.871,976475f8-e421-4736-8d52-d1a5e17dfb33,2667,0,,,,,,,,no,,,En estudio,media
1190,"Iniciativa con Proyecto de Decreto por la que se reforman di",2026-03-11,0.511,976475f8-e421-4736-8d52-d1a5e17dfb33,2668,0,,,,,,2026-03-23,,no,,,En estudio,media
1191,"Iniciativa con Proyecto de Decreto por el que se expide la L",2026-03-11,0.570,976475f8-e421-4736-8d52-d1a5e17dfb33,2669,0,,,,,,,,no,,,En estudio,media
1192,"Iniciativa con Proyecto de Decreto por el que se instituye e",2026-03-11,0.689,976475f8-e421-4736-8d52-d1a5e17dfb33,2670,0,,,,,,,,no,,,En estudio,media
1193,"Iniciativa con Proyecto de Decreto mediante la cual se refor",2026-03-11,0.784,976475f8-e421-4736-8d52-d1a5e17dfb33,2671,0,,,,,,,,no,,,En estudio,media
1194,"Iniciativa con Proyecto de Decreto por la que se reforman y ",2026-03-11,0.476,976475f8-e421-4736-8d52-d1a5e17dfb33,2672,0,,,,,,,,no,,,En estudio,baja
1195,"Iniciativa con Proyecto de Decreto por el que se adicionan d",2026-03-11,,,,,,,,,,,,,,,En estudio,sin_match
1196,"Iniciativa con Proyecto de Decreto por el que se reforma el ",2026-03-11,0.657,976475f8-e421-4736-8d52-d1a5e17dfb33,2674,0,,,,,,,,no,,,En estudio,media
1197,"Iniciativa con Proyecto de Decreto que adiciona diversas dis",2026-03-11,0.537,976475f8-e421-4736-8d52-d1a5e17dfb33,2675,0,,,,,,,,no,,,En estudio,media
1198,"Iniciativa con Proyecto de Decreto que adiciona el Artículo ",2026-03-11,,,,,,,,,,,,,,,En estudio,sin_match
1199,"Iniciativa con Proyecto de Decreto por el que se adicionan l",2026-03-11,,,,,,,,,,,,,,,En estudio,sin_match
1200,"Iniciativa de Decreto por el que se reforman y derogan diver",2026-03-18,0.691,bab44326-54f1-401a-9794-a8cb7fbe32aa,2953,2,directo,,2982,Comisión,2026-03-23,2026-03-23,1,no,,2026-04-09,Aprobada,alta
1201,"Iniciativa con Proyecto de Decreto por el que se reforma el ",2026-03-18,0.519,bab44326-54f1-401a-9794-a8cb7fbe32aa,2954,0,,,,,,,,no,,,En estudio,media
1202,"Iniciativa con Proyecto de Decreto por el que se adiciona la",2026-03-18,0.456,bab44326-54f1-401a-9794-a8cb7fbe32aa,2955,0,,,,,,,,no,,,En estudio,baja
1203,"Iniciativa con Proyecto de Decreto por el que se adicionan d",2026-03-18,0.503,bab44326-54f1-401a-9794-a8cb7fbe32aa,2956,0,,,,,,,,no,,,En estudio,media
1204,"Iniciativa con Proyecto de Decreto por el que se adiciona un",2026-03-18,0.813,bab44326-54f1-401a-9794-a8cb7fbe32aa,2957,0,,,,,,,,no,,,En estudio,media
1205,"Iniciativa con Proyecto de Decreto por el que se abroga la L",2026-03-18,0.812,bab44326-54f1-401a-9794-a8cb7fbe32aa,2958,0,,,,,,,,no,,,En estudio,media
1206,"Iniciativa con Proyecto de Decreto por el que se reforma y a",2026-03-18,0.606,bab44326-54f1-401a-9794-a8cb7fbe32aa,2959,0,,,,,,,,no,,,En estudio,media
1207,"Iniciativa con Proyecto de Decreto por el que se reforman y ",2026-03-18,0.547,bab44326-54f1-401a-9794-a8cb7fbe32aa,2960,0,,,,,,2026-04-13,,no,,2026-04-22,Aprobada,media
1208,"Iniciativa con Proyecto de Decreto por la que se reforma la ",2026-03-18,0.686,bab44326-54f1-401a-9794-a8cb7fbe32aa,2961,0,,,,,,,,no,,,En estudio,media
1209,"Iniciativa con Proyecto de Decreto por la que se reforma el ",2026-03-18,0.836,bab44326-54f1-401a-9794-a8cb7fbe32aa,2962,0,,,,,,,,no,,,En estudio,media
1210,"Iniciativa con Proyecto de Decreto por el que se reforman y ",2026-03-18,,,,,,,,,,,,,,,En estudio,sin_match
1211,"Iniciativa con Proyecto de Decreto por el que se reforman y ",2026-03-18,,,,,,,,,,,,,,,En estudio,sin_match
1212,"Iniciativa con Proyecto de Decreto por el que se reforman y ",2026-03-18,,,,,,,,,,,,,,,En estudio,sin_match
1213,"Iniciativa con Proyecto de Decreto que adiciona diversas dis",2026-03-18,0.489,bab44326-54f1-401a-9794-a8cb7fbe32aa,2966,0,,,,,,,,no,,,En estudio,baja
1214,"Iniciativa con Proyecto de Decreto que adiciona los numerale",2026-03-18,0.354,bab44326-54f1-401a-9794-a8cb7fbe32aa,2967,0,,,,,,,,no,,,En estudio,baja
1215,"Iniciativa con proyecto de decreto por el que se reforman y ",2026-03-18,0.611,bab44326-54f1-401a-9794-a8cb7fbe32aa,2968,0,,,,,,,,no,,,En estudio,media
1216,"Iniciativa de Decreto por el que se autoriza al Poder Ejecut",2026-03-24,0.915,4eec83c5-fb42-4130-b2dc-56d0ae775566,2988,0,,,,,,,,no,,2026-03-24,Aprobada,media
1218,"Iniciativa con Proyecto de Decreto por medio de la cual se p",2026-03-24,0.528,4eec83c5-fb42-4130-b2dc-56d0ae775566,2990,0,,,,,,,,no,,,En estudio,media
1219,"Iniciativa con Proyecto de Decreto por el que se adicionan d",2026-03-24,,,,,,,,,,,,,,,En estudio,sin_match
1220,"Iniciativa con Proyecto de Decreto por el cual se reforman y",2026-03-24,0.561,4eec83c5-fb42-4130-b2dc-56d0ae775566,2992,0,,,,,,,,no,,,En estudio,media
1221,"Iniciativa con Proyecto de Decreto por el que se declara el ",2026-03-24,0.785,4eec83c5-fb42-4130-b2dc-56d0ae775566,2994,0,,,,,,,,no,,,En estudio,media
1222,"Iniciativa con Proyecto de Decreto por el que se reforma el ",2026-03-24,0.515,4eec83c5-fb42-4130-b2dc-56d0ae775566,2995,0,,,,,,2026-04-09,,no,,2026-04-09,Aprobada,media
1223,"Iniciativa con Proyecto de Decreto por el que se reforman, a",2026-03-24,0.741,4eec83c5-fb42-4130-b2dc-56d0ae775566,2996,0,,,,,,,,no,,,En estudio,media
1224,"Iniciativa con Proyecto de Decreto por el que reforma el art",2026-03-24,0.580,4eec83c5-fb42-4130-b2dc-56d0ae775566,2997,0,,,,,,,,no,,,En estudio,media
1225,"Iniciativa de Decreto que expide la Ley Estatal de Desarroll",2026-03-24,0.595,4eec83c5-fb42-4130-b2dc-56d0ae775566,2998,0,,,,,,,,no,,,En estudio,media
1226,"Iniciativa con Proyecto de Decreto por el que se adiciona la",2026-03-24,0.876,4eec83c5-fb42-4130-b2dc-56d0ae775566,2999,0,,,,,,,,no,,,En estudio,media
1227,"Iniciativa con Proyecto de Decreto por el que se modifica el",2026-03-24,0.651,4eec83c5-fb42-4130-b2dc-56d0ae775566,3000,0,,,,,,,,no,,,En estudio,media
1228,"Iniciativa con Proyecto de Decreto por el que se reforman y ",2026-03-24,,,,,,,,,,,,,,,En estudio,sin_match
1229,"Iniciativa con Proyecto de Decreto por el que se reforman y ",2026-03-24,0.633,4eec83c5-fb42-4130-b2dc-56d0ae775566,3002,0,,,,,,,,no,,,En estudio,media
1230,"Iniciativa con Proyecto de Decreto por el que se reforman lo",2026-03-24,0.483,4eec83c5-fb42-4130-b2dc-56d0ae775566,3003,0,,,,,,,,no,,,En estudio,baja
1231,"Iniciativa con Proyecto de Decreto que adiciona el párrafo o",2026-03-24,0.468,4eec83c5-fb42-4130-b2dc-56d0ae775566,3004,0,,,,,,,,no,,,En estudio,baja
1232,"Iniciativa con Proyecto de Decreto por el que se declara Pat",2026-03-24,0.611,4eec83c5-fb42-4130-b2dc-56d0ae775566,3005,0,,,,,,,,no,,,En estudio,media
1233,"Iniciativa de Decreto por el que se autoriza al Poder Ejecut",2026-04-09,,,,,,,,,,,,,,2026-04-09,Aprobada,sin_match
1234,"Iniciativa de Decreto por el que se autoriza al Poder Ejecut",2026-04-09,,,,,,,,,,,,,,2026-04-09,Aprobada,sin_match
1235,"Iniciativa de Decreto por el que se autoriza al H. Ayuntamie",2026-04-09,0.878,367975cf-4a7f-4c14-8210-c9764f6dea56,3046,0,,,,,,,,no,,2026-04-09,Aprobada,media
1236,"Iniciativa de Decreto por el que se autoriza al H. Ayuntamie",2026-04-09,0.875,367975cf-4a7f-4c14-8210-c9764f6dea56,3047,0,,,,,,,,no,,2026-04-09,Aprobada,media
1237,"Iniciativa de Decreto por la que se reforman, adicionan y de",2026-04-09,0.721,367975cf-4a7f-4c14-8210-c9764f6dea56,3048,0,,,,,,,,no,,2026-04-09,Aprobada,media
1238,"Iniciativa de Decreto por el que se expide el Reglamento Int",2026-04-09,0.717,367975cf-4a7f-4c14-8210-c9764f6dea56,3049,0,,,,,,,,no,,2026-04-09,Aprobada,media
1239,"Iniciativa de Decreto por el que se reforman y adicionan div",2026-04-15,0.839,ccbe7f41-6572-4ece-9a8a-808718a53f02,3067,1,directo,,3119,Comisión,2026-04-16,2026-04-16,1,no,,2026-04-22,Aprobada,alta
1240,"Iniciativa de Decreto por el que se declara Patrimonio Cultu",2026-04-15,0.668,ccbe7f41-6572-4ece-9a8a-808718a53f02,3093,0,,,,,,,,no,,2026-04-15,Aprobada,media
1241,"Iniciativa con Proyecto de Decreto por el que se reforman y ",2026-04-15,,,,,,,,,,,,,,,En estudio,sin_match
1242,"Iniciativa de Decreto por el que se reforman y adicionan div",2026-04-15,0.422,ccbe7f41-6572-4ece-9a8a-808718a53f02,3067,1,directo,,3119,Comisión,2026-04-16,,1,no,,,En estudio,baja
1243,"Iniciativa con Proyecto de Decreto por la que se adicionan d",2026-04-15,0.543,ccbe7f41-6572-4ece-9a8a-808718a53f02,3096,0,,,,,,,,no,,,En estudio,media
1244,"Iniciativa con Proyecto de Decreto por el que se adiciona la",2026-04-15,0.782,ccbe7f41-6572-4ece-9a8a-808718a53f02,3097,0,,,,,,,,no,,,En estudio,media
1245,"Iniciativa con Proyecto de Decreto por el que se expide la L",2026-04-15,0.545,ccbe7f41-6572-4ece-9a8a-808718a53f02,3098,0,,,,,,,,no,,,En estudio,media
1246,"Iniciativa con Proyecto de Decreto, por el que se reforma la",2026-04-15,0.689,ccbe7f41-6572-4ece-9a8a-808718a53f02,3099,0,,,,,,,,no,,,En estudio,media
1247,"Iniciativa con Proyecto de Decreto por el que se reforman lo",2026-04-15,0.579,ccbe7f41-6572-4ece-9a8a-808718a53f02,3100,0,,,,,,,,no,,,En estudio,media
1248,"Iniciativa con Proyecto de Decreto por el que se reforman el",2026-04-15,0.859,ccbe7f41-6572-4ece-9a8a-808718a53f02,3101,1,expediente,129,3121,Comisión,2026-04-21,2026-04-21,2,no,,2026-04-22,Aprobada,alta
1249,"Iniciativa con Proyecto de Decreto por el que se reforman el",2026-04-15,,,,,,,,,,,,,,2026-05-06,Aprobada,sin_match
1250,"Iniciativa con Proyecto por la que se adiciona un último pár",2026-04-15,,,,,,,,,,,,,,,En estudio,sin_match
1251,"Iniciativa con Proyecto de Decreto por el que se reforma la ",2026-04-15,0.568,ccbe7f41-6572-4ece-9a8a-808718a53f02,3104,0,,,,,,,,no,,,En estudio,media
1252,"Iniciativa con Proyecto de Decreto por el que se declara Pat",2026-04-15,0.869,ccbe7f41-6572-4ece-9a8a-808718a53f02,3105,0,,,,,,,,no,,,En estudio,media
1253,"Iniciativa con Proyecto de Decreto por el que se adiciona el",2026-04-15,,,,,,,,,,,,,,,En estudio,sin_match
1254,"Iniciativa de Decreto por el que se reforma el Código Penal ",2026-04-15,,,,,,,,,,,,,,,En estudio,sin_match
1255,"Iniciativa con Proyecto de Decreto por el que se reforman y ",2026-04-15,0.520,ccbe7f41-6572-4ece-9a8a-808718a53f02,3108,0,,,,,,2026-04-21,,no,,2026-04-22,Aprobada,media
1256,"Iniciativa con Proyecto de Decreto por el que se reforman la",2026-04-15,0.624,ccbe7f41-6572-4ece-9a8a-808718a53f02,3109,0,,,,,,,,no,,,En estudio,media
1257,"Iniciativa con Proyecto de Decreto por la que se declara la ",2026-04-15,0.678,ccbe7f41-6572-4ece-9a8a-808718a53f02,3111,1,directo,,3245,Comisión,2026-06-04,2026-06-04,2,no,,,En estudio,alta
1258,"Iniciativa con Proyecto de Decreto por el que se adiciona la",2026-04-15,0.543,ccbe7f41-6572-4ece-9a8a-808718a53f02,3112,0,,,,,,,,no,,,En estudio,media
1259,"Iniciativa de Decreto por el que se reforman y adicionan div",2026-04-22,,,,,,,,,,,,,,2026-05-06,Aprobada,sin_match
1260,"Iniciativa con Proyecto de Decreto por el que se adiciona y ",2026-04-22,0.536,6af9eb4f-fb46-4e45-b945-f385681e94c8,3134,0,,,,,,2026-06-09,,no,,,En estudio,media
1261,"Iniciativa con Proyecto de decreto por el que se reforman y ",2026-04-22,0.633,6af9eb4f-fb46-4e45-b945-f385681e94c8,3135,2,expediente,126,3211,Comisión,2026-05-06,,2,no,,,En estudio,baja
1262,"Iniciativa con Proyecto de Decreto al Congreso de la Unión p",2026-04-22,0.564,6af9eb4f-fb46-4e45-b945-f385681e94c8,3136,0,,,,,,,,no,,,En estudio,media
1263,"Iniciativa con Proyecto de Decreto por el que se reforma la ",2026-04-22,0.612,6af9eb4f-fb46-4e45-b945-f385681e94c8,3137,0,,,,,,,,no,,,En estudio,media
1264,"Iniciativa con Proyecto de Decreto por el cual se adiciona e",2026-04-22,0.749,6af9eb4f-fb46-4e45-b945-f385681e94c8,3138,0,,,,,,,,no,,,En estudio,media
1265,"Iniciativa con Proyecto de Decreto por el que se declara a l",2026-04-22,0.687,6af9eb4f-fb46-4e45-b945-f385681e94c8,3139,0,,,,,,,,no,,2026-04-22,Aprobada,media
1266,"Iniciativa de Decreto por la que se declara a la Feria del A",2026-04-22,0.669,6af9eb4f-fb46-4e45-b945-f385681e94c8,3140,0,,,,,,,,no,,2026-04-22,Aprobada,media
1267,"Iniciativa de Decreto por la que se declara al Rebozo de Bol",2026-04-22,0.616,6af9eb4f-fb46-4e45-b945-f385681e94c8,3141,0,,,,,,,,no,,2026-04-22,Aprobada,media
1268,"Iniciativa con Proyecto de Decreto por el que se reforma el ",2026-04-22,0.659,6af9eb4f-fb46-4e45-b945-f385681e94c8,3142,0,,,,,,,,no,,,En estudio,media
1269,"Iniciativa con Proyecto de Decreto por el que se adiciona un",2026-04-22,0.433,6af9eb4f-fb46-4e45-b945-f385681e94c8,3143,0,,,,,,,,no,,,En estudio,baja
1270,"Iniciativa con Proyecto de Decreto por la que se reforma la ",2026-04-22,,,,,,,,,,,,,,,En estudio,sin_match
1271,"Iniciativa con Proyecto de Decreto por la que se reforma la ",2026-04-22,0.624,6af9eb4f-fb46-4e45-b945-f385681e94c8,3145,0,,,,,,,,no,,,En estudio,media
1272,"Iniciativa con Proyecto de Decreto por el que se reforma y a",2026-04-22,0.428,6af9eb4f-fb46-4e45-b945-f385681e94c8,3146,0,,,,,,,,no,,,En estudio,baja
1273,"Iniciativa con Proyecto de Decreto por el que se reforman y ",2026-04-22,0.551,6af9eb4f-fb46-4e45-b945-f385681e94c8,3147,0,,,,,,,,no,,,En estudio,media
1274,"Iniciativa con Proyecto de Decreto que reforma la fracción I",2026-04-22,0.389,6af9eb4f-fb46-4e45-b945-f385681e94c8,3148,0,,,,,,,,no,,,En estudio,baja
1275,"Iniciativa con proyecto de decreto por el que se adiciona la",2026-04-22,0.504,6af9eb4f-fb46-4e45-b945-f385681e94c8,3149,0,,,,,,,,no,,,En estudio,media
1276,"Iniciativa de Decreto por el que se autoriza al H. Ayuntamie",2026-04-28,0.871,c491d26a-08d5-4433-9ada-6da59a554c86,3165,0,,,,,,,,no,,2026-04-28,Aprobada,media
1277,"Iniciativa con Proyecto de Decreto por el que se reforma art",2026-04-28,0.639,c491d26a-08d5-4433-9ada-6da59a554c86,3166,0,,,,,,,,no,,,En estudio,media
1278,"Iniciativa con Proyecto de Decreto por el que se adiciona la",2026-04-28,0.570,c491d26a-08d5-4433-9ada-6da59a554c86,3167,0,,,,,,,,no,,,En estudio,media
1279,"Iniciativa con Proyecto de Decreto por el que se reforman y ",2026-04-28,0.665,c491d26a-08d5-4433-9ada-6da59a554c86,3168,0,,,,,,,,no,,,En estudio,media
1280,"Iniciativa con Proyecto de Decreto por el se Reforma el Segu",2026-04-28,0.886,c491d26a-08d5-4433-9ada-6da59a554c86,3169,0,,,,,,,,no,,,En estudio,media
1281,"Iniciativa con Proyecto de Decreto por el que se reforma y a",2026-04-28,0.563,c491d26a-08d5-4433-9ada-6da59a554c86,3170,0,,,,,,,,no,,,En estudio,media
1282,"Iniciativa con Proyecto de Decreto por el que se reforma el ",2026-04-28,0.574,c491d26a-08d5-4433-9ada-6da59a554c86,3171,0,,,,,,,,no,,,En estudio,media
1283,"Iniciativa con Proyecto de Decreto por el que se reforma el ",2026-04-28,0.521,c491d26a-08d5-4433-9ada-6da59a554c86,3172,0,,,,,,,,no,,,En estudio,media
1284,"Iniciativa con Proyecto de Decreto por el que se adiciona el",2026-04-28,,,,,,,,,,,,,,,En estudio,sin_match
1285,"Iniciativa de Decreto por el que se reforman diversas dispos",2026-04-28,,,,,,,,,,,,,,,En estudio,sin_match
1286,"Iniciativa con Proyecto de Decreto por el que se reforman y ",2026-04-28,0.474,c491d26a-08d5-4433-9ada-6da59a554c86,3176,0,,,,,,,,no,,,En estudio,baja
1287,"Iniciativa con Proyecto de Decreto por el que se adiciona un",2026-04-28,0.586,c491d26a-08d5-4433-9ada-6da59a554c86,3177,0,,,,,,,,no,,,En estudio,media
1288,"Iniciativa con Proyecto de Decreto por el que se reforma la ",2026-04-28,0.449,c491d26a-08d5-4433-9ada-6da59a554c86,3178,0,,,,,,,,no,,,En estudio,baja
1289,"Cuenta Pública del Estado, correspondiente al Ejercicio Fisc",2026-04-28,0.652,c491d26a-08d5-4433-9ada-6da59a554c86,3180,0,,,,,,,,no,,,En estudio,media
1290,"Iniciativa de Decreto por el que se autoriza al H. Ayuntamie",2026-05-06,0.853,bb98d321-3416-4d7d-915f-58b0d263e581,3192,0,,,,,,,,no,,2026-05-06,Aprobada,media
1291,"Iniciativa de Decreto por el que se autoriza al H. Ayuntamie",2026-05-06,0.890,bb98d321-3416-4d7d-915f-58b0d263e581,3193,0,,,,,,,,no,,2026-05-06,Aprobada,media
1292,"Iniciativa de Decreto por el que se autoriza al H. Ayuntamie",2026-05-06,0.886,bb98d321-3416-4d7d-915f-58b0d263e581,3194,0,,,,,,,,no,,2026-05-06,Aprobada,media
1293,"Iniciativa de Decreto por el que se autoriza al H. Ayuntamie",2026-05-06,,,,,,,,,,,,,,2026-05-06,Aprobada,sin_match
1294,"Iniciativa de Decreto por el que se autoriza al H. Ayuntamie",2026-05-06,,,,,,,,,,,,,,2026-05-06,Aprobada,sin_match
1295,"Iniciativa de Decreto por el que se adiciona una fracción I ",2026-05-06,0.687,bb98d321-3416-4d7d-915f-58b0d263e581,3197,0,,,,,,2026-06-09,,no,,,En estudio,media
1296,"Iniciativa con Proyecto de Decreto, por el que se reforman y",2026-05-06,,,,,,,,,,,,,,,En estudio,sin_match
1297,"Iniciativa con Proyecto de Decreto, por el que se reforma y ",2026-05-06,0.599,bb98d321-3416-4d7d-915f-58b0d263e581,3199,0,,,,,,,,no,,,En estudio,media
1298,"Iniciativa con Proyecto de Decreto por el que se reforman di",2026-05-06,0.499,bb98d321-3416-4d7d-915f-58b0d263e581,3200,0,,,,,,,,no,,,En estudio,baja
1299,"Iniciativa con Proyecto de Decreto por la que se adiciona un",2026-05-06,0.589,bb98d321-3416-4d7d-915f-58b0d263e581,3201,0,,,,,,,,no,,,En estudio,media
1300,"Iniciativa con Proyecto de Decreto por el que se reforman di",2026-05-06,0.370,bb98d321-3416-4d7d-915f-58b0d263e581,3202,0,,,,,,,,no,,,En estudio,baja
1301,"Iniciativa con Proyecto de Decreto por el que se adicionan d",2026-05-06,0.612,bb98d321-3416-4d7d-915f-58b0d263e581,3203,0,,,,,,,,no,,,En estudio,media
1302,"Iniciativa con Proyecto de Decreto por la que se adiciona un",2026-05-06,0.481,bb98d321-3416-4d7d-915f-58b0d263e581,3204,0,,,,,,,,no,,,En estudio,baja
1303,"Iniciativa con Proyecto de Decreto por el que se reforman y ",2026-05-06,0.655,bb98d321-3416-4d7d-915f-58b0d263e581,3205,0,,,,,,,,no,,,En estudio,media
1304,"Iniciativa ciudadana por medio de la cual se propone reforma",2026-05-06,0.771,bb98d321-3416-4d7d-915f-58b0d263e581,3206,0,,,,,,,,no,,,En estudio,media
1305,"Iniciativa de Decreto por el que se expide la Ley del Derech",2026-05-27,0.761,e404bfd3-11a6-4985-913d-ff80f4c8b12f,3234,0,,,,,,2026-06-01,,no,,,En estudio,media
1306,"Iniciativa de Decreto por el que se convoca a la “LXII” Legi",2026-05-27,0.661,e404bfd3-11a6-4985-913d-ff80f4c8b12f,3235,0,,,,,,,,no,,2026-05-27,Aprobada,media
1307,"Iniciativa de Decreto por el que se autoriza al H. Ayuntamie",2026-06-25,0.846,a40d900a-721a-484f-8e09-0cac3f74855f,3256,0,,,,,,,,no,,2026-06-25,Aprobada,media
1308,"Iniciativa con Proyecto de Decreto por el que se declara el ",2026-06-25,0.619,a40d900a-721a-484f-8e09-0cac3f74855f,3257,0,,,,,,,,no,,,En estudio,media
1309,"Iniciativa con Proyecto de Decreto por la que se adicionan u",2026-06-25,0.546,a40d900a-721a-484f-8e09-0cac3f74855f,3258,0,,,,,,,,no,,,En estudio,media
1310,"Iniciativa de Decreto por la que se declara la Técnica Artes",2026-06-25,0.726,a40d900a-721a-484f-8e09-0cac3f74855f,3259,0,,,,,,,,no,,,En estudio,media
1311,"Iniciativa con Proyecto de Decreto, por el que se reforman l",2026-06-25,0.668,a40d900a-721a-484f-8e09-0cac3f74855f,3260,0,,,,,,,,no,,,En estudio,media
1312,"Iniciativa con Proyecto de Decreto por la que se adiciona un",2026-06-25,0.633,a40d900a-721a-484f-8e09-0cac3f74855f,3261,0,,,,,,,,no,,,En estudio,media
1313,"Iniciativa con Proyecto de Decreto por el que se adiciona el",2026-06-25,0.446,a40d900a-721a-484f-8e09-0cac3f74855f,3262,0,,,,,,,,no,,,En estudio,baja
1314,"Iniciativa con Proyecto de Decreto por el que se adiciona un",2026-06-25,0.589,a40d900a-721a-484f-8e09-0cac3f74855f,3263,0,,,,,,,,no,,,En estudio,media
